brand,description,price,url,processor,memory,ssd,gpu,model
Dell,"Dell Pro 16"" Laptop  AMD Ryzen 5 220 AMD Radeon 740M Graphics 16GB RAM 256GB SSD - Windows 11 Pro - 4THRP","$1,349.99 –",https://www.newegg.com/dell-pro-16-16-0-fhd-non-touch-screen-amd-ryzen-5-220-amd-radeon-740m-16gb-memory-256-gb-ssd-magnetite/p/N82E16834817351,AMD Ryzen 5 220,16GB,256GB,AMD Radeon 740M,4THRP
Acer,"Acer Aspire Go 15, 15.6"" Full HD IPS Display, AMD Ryzen 7 7730U Octa-Core Processor, AMD Radeon Graphics, 32GB DDR4 Memory, 1TB PCIe Gen4 SSD, 802.11ax Wi-Fi 6E, Windows 11 Home AG15-42P-R3GM",$699.99 –,https://www.newegg.com/acer-america-aspire-go-15-6-full-hd-ips-amd-ryzen-7-7730u-amd-radeon-7000-series-integrated-gpu-32-gb-memory-1-tb-pcie-gen4-ssd-no-hdd-hdd-steel-gray/p/N82E16834360414,AMD Ryzen 7 7730U,32GB DDR4,1TB NVMe,AMD Radeon Graphics,NX.JQJAA.001
Lenovo,"Lenovo V15 Gen 4 15.6"" Laptop AMD Ryzen 7 7730U 16GB RAM 1TB SSD Windows 11 Home (83CR003UUS)",$599.99 –,https://www.newegg.com/lenovo-15-6-non-touch-screen-amd-ryzen-7-7730u-amd-radeon-graphics-16gb-memory-1-tb-nvme-ssd-business-black/p/N82E16834840737,AMD Ryzen 7 7730U,16GB DDR4,1TB NVMe,AMD Radeon Graphics,83CR003UUS
Lenovo,"Lenovo ThinkPad P14s Gen 6 21QT002RUS 14.5"" Mobile Workstation - Intel Core Ultra 7 255H - 32 GB - 512 GB SSD - Windows 11 Pro - Intel Arc 140T GPU - 5MP Camera - Wi-Fi 7","$2,560.99 –",https://www.newegg.com/lenovo-14-5/p/1TS-000E-1DJP6,Intel Core Ultra 7 255H,32GB DDR5,512GB,Intel Arc 140T GPU,21QT002RUS
ASUS,"ASUS Vivobook 15.6"" FHD Touchscreen Business Laptop Intel core i7-1355U Intel Iris Xe Graphics 40GB RAM 1TB SSD Backlit Keyboard Wi-Fi 6E Bluetooth 5.3 HDMI USB-C Webcam Windows 11 Pro Silver",$989.00 –,https://www.newegg.com/asus-15-6-fhd-touch-screen-intel-core-i7-1355u-intel-iris-xe-graphics-64gb-memory-1-tb-ssd-silver/p/1TS-001A-0BEP0,Intel Core i7-1355U,40GB,1TB,Intel Iris Xe Graphics,HC640012090424
BiTECOOL,"BiTECOOL 15.6-inch FHD IPS Laptop, 32GB RAM 512GB SSD, Intel Pentium Gold 6500Y (up to 3.4GHz), 4 Speakers, 2.4/5G WiFi Bluetooth 5.0, Windows 11 Pro Lightweight Portable Notebook",$279.00 –,https://www.newegg.com/bitecool-15-6/p/1TS-00GJ-00016,Intel Pentium Gold 6500Y,32GB,512GB,,NCS2154Y-32-512-BTC519
Auusda,"Auusda 16"" Laptop AMD Ryzen 7 7840HS, 32GB DDR5 RAM, 1TB NVMe SSD, Windows 11 Pro Computer, Not for Heavy Gaming, Backlit, Fingerprint, Full-Type C, WiFi 6, Bluetooth 5.3, Webcam Switch, Gray",$647.99 –,https://www.newegg.com/exsurf-16-0/p/1TS-00TY-00007,AMD Ryzen™ 7 7840HS,32GB,1TB NVMe,,T160R-7840HS-32+1TB
MSI,MSI Venture 16 AI Touchscreen Laptop Intel Core Ultra 9 285H 32GB RAM 1TB SSD (A2HMTG-015US),"$1,099.00 –",https://www.newegg.com/msi-venture-16-ai-16-fhd-touch-screen-intel-core-ultra-9-285h-intel-arc-graphics-32gb-memory-1-tb-nvme-ssd-gray/p/N82E16834156793,Intel Core Ultra 9 285H,32GB DDR5,1TB NVMe,Intel Arc Graphics,Venture 16 AI A2HMTG-015US
Acer,"Acer Aspire Go 15, 15.6"" Full HD IPS Display, AMD Ryzen 7 7730U Octa-Core Processor, AMD Radeon Graphics, 32GB DDR4 Memory, 1TB PCIe Gen4 SSD, 802.11ax Wi-Fi 6E, Windows 11 Home AG15-42P-R3GM",$699.99 –,https://www.newegg.com/acer-america-aspire-go-15-6-full-hd-ips-amd-ryzen-7-7730u-amd-radeon-7000-series-integrated-gpu-32-gb-memory-1-tb-pcie-gen4-ssd-no-hdd-hdd-steel-gray/p/N82E16834360414?Item=N82E16834360414&cm_sp=SP-_-3233712-_-0-_-3-_-34-360-414-_-laptop-_-laptop-_-9,AMD Ryzen 7 7730U,32GB DDR4,1TB NVMe,AMD Radeon Graphics,NX.JQJAA.001
Lenovo,"Lenovo 15 inch Laptop with Lifetime Office 365 for The Web, 36GB RAM, 1TB SSD + 128GB eMMC Storage, Intel CPU, 10 Key Number Pad, Windows 11 Home, External 64GB USB",$739.00 –,https://www.newegg.com/lenovo-ideapad-15-6-fhd-non-touch-screen-intel-pentium-silver-n6000-intel-uhd-graphics-36gb-ddr4-memory-1tb-pcie-ssd-gray/p/1TS-000E-1E2W5,Intel Pentium Silver N6000,36GB DDR4,1TB PCIe,Intel UHD Graphics,IDEAPAD11775-E_CTO_NBU3
HP,"HP ProBook 4 G1i 14"" Touchscreen Notebook - WUXGA - Intel Core Ultra 7 255U - 16 GB - 512 GB SSD - English Keyboard - Pike Silver - Intel Chip - 1920 x 1200 - Windows 11 Pro - Intel - In-plane Sw","$1,288.99 –",https://www.newegg.com/hp-14-0/p/1TS-000D-1R3M7,,,,,BA7R7UT#ABA
BiTECOOL,"BiTECOOL Laptop Computer 15.6 inch, Intel Quad Core N95, 12GB LPDDR5 RAM 1TB NVMe SSD Laptop with FHD IPS Display, WiFi 5, BT5.0, USB Type C and Fingerprint, 2 Years Warranty, Windows 11 Pro",$299.00 –,https://www.newegg.com/bitecool-15-6/p/1TS-00GJ-00010?Item=9SIBZ0YKFR3414&cm_sp=SP-_-2908035-_-0-_-2-_-9SIBZ0YKFR3414-_-laptop-_-laptop-_-12,Intel Celeron N95,12GB LPDDR5,1TB NVMe SSD,,BTC512-154N-TT
Dell,"Dell - 15.6"" 2K Touchscreen Laptop - Intel Core i5 1334U 2023 - 8GB Memory - 512GB Storage - Carbon Black",$445.00 –,https://www.newegg.com/dell-15-6-fhd-touch-screen-1-30ghz-8gb-memory-512-gb-ssd-black/p/1TS-000A-154J7,1.30GHz,8GB,512GB,,LDC15250-5315BLK-PUS
ASUS,"ASUS Vivobook S 16"" 3K OLED Intel Core Ultra 7 255H - 32GB RAM - 1TB SSD Windows 11 Home (S5606CA-NS79)","$1,299.99 –",https://www.newegg.com/asus-vivobook-16-2880x1800-oled-intel-core-ultra-7-255h-intel-arc-graphics-gpu-32-gb-memory-1-tb-pcie-g4-ssd-no-hdd-hdd-black/p/N82E16834236727,Intel Core Ultra 7 255H,32GB LPDDR5X 7500,1TB PCIe,,S5606CA-NS79
BiTECOOL,"BiTECOOL 15.6-inch Windows 11 Laptop, 16GB RAM, 512GB SSD, FHD IPS Display Laptop Computer, Intel N5095 Quad Core, 2.4/5G WiFi, BT4.2 Backlit and Fingerprint, Lightweight and Portable",$269.00 –,https://www.newegg.com/bitecool-15-6-non-touch-screen-intel-celeron-n5095-intel-uhd-graphics-16-gb-lpddr4-memory-512-gb-sata3-ssd-gray/p/1TS-00GJ-00006?Item=9SIBZ0YKEB8230&cm_sp=SP-_-2869958-_-0-_-2-_-9SIBZ0YKEB8230-_-laptop-_-laptop-_-15,Intel Celeron N5095,16 GB LPDDR4,512 GB SATA3,Intel UHD Graphics,BTC501
MSI,"MSI Venture 16 AI A2HM Venture 16 AI A2HMTG-047US 16"" Touchscreen Notebook - Intel Core Ultra 7 255H - 32 GB - 1 TB SSD - Windows 11 Pro - Intel Arc Graphics - Webcam - Wi-Fi 6E (VEN16A2047)","$1,426.23 –",https://www.newegg.com/msi-16-0-arc-graphics-gray/p/1TS-0016-05EZ7,Intel Core Ultra 7 255H,32GB DDR5,1TB,Intel Arc Graphics,VEN16A2047
Acer,Acer Aspire Go 15 AI Ready Laptop - Intel Core i9-13900H - 16GB RAM - 512GB SSD - Windows 11 Home (NX.JSDAA.001),$799.99 –,https://www.newegg.com/acer-america-aspire-go-15-15-6-fhd-non-touch-screen-intel-core-i9-13900h-intel-iris-xe-graphics-16gb-memory-512-gb-pcie-ssd-pure-silver/p/N82E16834360412,Intel Core i9-13900H,16GB,512GB PCIe,Intel Iris Xe Graphics,NX.JSDAA.001
NIAKUN,"NIAKUN Gaming Laptop, 15.6 Inch Lap Top Computer 2026, Window 11 Pro, Ryzen 7 5700U Processor, 32GB RAM 1T SSD, Backlit Keyboard, FHD Display 1920*1080P, WiFi 5, HDMI, for Student, Office, Business",$701.99 –,https://www.newegg.com/niakun-15-6-inches-5700u-lcd-32gb-memory-1tb-ssd/p/2WC-007P-00003?Item=9SIC655KUP8275&cm_sp=SP-_-3239047-_-0-_-0-_-9SIC655KUP8275-_-laptop-_-laptop-_-18,,32GB,,5700U,LAITMIN G5
ASUS,"ASUS Vivobook 14 14"" FHD Laptop,Intel Core i3-1315U,8GB RAM,128 GB SSD,Windows 11 Home,Quiet Blue",$329.00 –,https://www.newegg.com/asus-14-0-full-hd-intel-uhd-graphics-8gb-memory-128-gb-ssd/p/1TS-001A-0BCY9,,8GB,128GB,Intel UHD Graphics,B2C_ASUS_I3-1315_7-3-25_8_128H
HP,"HP ZBook 8 G1i 16"" Mobile Workstation - Intel Core Ultra 9 285H - vPro Technology - 64GB - 1TB SSD - Windows 11 Pro - Intel Arc 140T GPU - Webcam - IEEE 802.11be Wireless   BP6Y7UT#ABA","$4,851.95 –",https://www.newegg.com/hp-16-0-no/p/1TS-000D-1R4H8,,,,,BP6Y7UT#ABA
ACEMAGIC,"ACEMAGIC Laptop Computer, 16GB DDR4 512GB SSD, 18.5 Inch Laptop with Intel Quad-Core N150(Up to 3.6GHz), Metal Shell, BT5.0, 5G WiFi, USB3.2, Type_C, Webcam, Long Battery Life, 180° Open Angle",$339.00 –,https://www.newegg.com/acemagic-intel-n150-grey/p/1TS-00NN-00010?Item=9SIBUU5KDD2270&cm_sp=SP-_-3057703-_-0-_-2-_-9SIBUU5KDD2270-_-laptop-_-laptop-_-21,Intel n150,16GB,512GB,,ax18
Dell,"Dell 16"" Laptop FHD+ Touchscreen AMD Ryzen 7 250 (Beat Intel i7-13650HX) AMD Radeon Graphics 16GB DDR5 RAM 512GB SSD Wi-Fi 6 Bluetooth Backlit Keyboard FHD Webcam HDMI 1.4 USB-C Windows 11 Pro Black",$699.00 –,https://www.newegg.com/dell-16-0-fhd-touch-screen-amd-ryzen-7-250-amd-radeon-r7-series-16gb-memory-512-gb-ssd-black/p/1TS-000A-159S7,AMD Ryzen 7 250,16GB,512 GB,AMD Radeon R7 Series,HC165122012526SUB
MSI,"MSI Summit Pro 16 16"" Touchscreen Laptop Intel Ultra 7 255H GeForce - RTX 4050 - 32GB RAM - 1TB SSD - Windows 11 Home (A2HVETG-074US)","$1,399.00 –",https://www.newegg.com/msi-16-0-qhd-touch-screen-intel-core-ultra-7-255h-geforce-rtx-4050-laptop-gpu-32gb-memory-1-tb-nvme-ssd-ink-black/p/N82E16834156789,Intel Core Ultra 7 255H,32GB LPDDR5,1TB NVMe,GeForce RTX 4050 Laptop GPU,SummitPro 16 AI A2HVETG-074US
Ningmei,"Ningmei NL500 Laptop, 15.6 Inch Notebook with Intel® Core i5-1240P (Up to 4.4GHz), 16GB DDR4 512GB SSD, BT5.2, 5G WiFi, USB3.2, Type_C, Webcam, Windows 11 Laptops for Business Student Light Gaming",$479.00 –,https://www.newegg.com/ningmei-15-6/p/1TS-00TS-00004?Item=9SIBNWPKT76727&cm_sp=SP-_-3091957-_-0-_-2-_-9SIBNWPKT76727-_-laptop-_-laptop-_-24,Intel Core i5-1240P,16GB,512GB,,601NMNL5004165A
Acer,Acer Laptop Aspire Go 15 - AMD Ryzen 7 5825U - 16GB DDR4 RAM - 512GB SSD - Windows 11 Home (NX.JQJAA.002),$619.99 –,https://www.newegg.com/acer-america-aspire-go-15-steel-gray/p/N82E16834360410,AMD Ryzen 7 5825U,16GB DDR4,512GB PCIe Gen4,AMD Radeon Graphics,NX.JQJAA.002
Refurbished,"Refurbished Lenovo ThinkPad T490 Laptop Intel Core i7-8650U 16GB Memory 512GB SSD 14.0"" Windows 11 Pro",$259.99 –,https://www.newegg.com/lenovo-thinkpad-14-0-non-touch-screen-intel-core-i7-8650u-16gb-memory-512gb-ssd/p/N82E16834840769,Intel Core i7-8650U,16GB,512GB,,LENTHT490I7816512
Refurbished,"Refurbished Dell Latitude 5420 Laptop Intel Core i5-1145G7 16GB Memory 512GB SSD 14.0"" FHD Windows 11 Pro",$269.99 –,https://www.newegg.com/dell-lt-de5420-i5-g11-16-512-14-no-16gb-memory-512-gb-ssd-silver/p/1TS-000A-15826,Intel Core i5-1145G7,16GB,512 GB,,LT-DE5420/i5-G11-16-512
Refurbished,"Refurbished Lenovo ThinkPad T15 Gen 1 Laptop Intel Core i5-10310U vPro 16GB RAM 512GB SSD 15.6"" FHD Windows 11 Pro",$369.99 –,https://www.newegg.com/lenovo-thinkpad-14-0-fhd-non-touch-screen-intel-core-i7-1165g7-intel-iris-xe-graphics-16gb-ddr4-memory-512gb-pcie-ssd-black/p/N82E16834840776,Intel Core i5-10310U,16GB DDR4,512GB,Intel UHD Graphics,NBR-LE-T15G1_I510310U_16_256
Refurbished,"Refurbished Lenovo ThinkPad X1 Carbon Gen 9 Intel Core i7-1165G7 16GB Memory 256GB SSD 14.0"" Touchscreen Windows 11 Pro (20XXS0KR00)",$429.99 –,https://www.newegg.com/lenovo-thinkpad-14-0-touch-screen-intel-core-i7-1165g7-intel-iris-xe-graphics-16gb-memory-256gb-ssd/p/N82E16834840761,Intel Core i7-1165G7,16GB,256GB,Intel Iris Xe Graphics,NBR-LE- 20XXS0KR00_16/256
Refurbished,"Refurbished Lenovo ThinkPad T14 Gen 1 AMD Ryzen 7 PRO 4750U 16GB Memory 512GB SSD 14.0"" Windows 11 Pro",$329.99 –,https://www.newegg.com/lenovo-thinkpad-14-0-non-touch-screen-amd-ryzen-7-pro-4750u-16gb-memory-512gb-ssd/p/N82E16834840764,AMD Ryzen 7 PRO 4750U,16GB,512GB,,LENTHT14G1R7P16512
Refurbished,"Refurbished Dell Latitude 5430 Laptop Intel Core i5-1245U 32GB RAM 512GB SSD 14.0"" FHD Webcam Windows 11 Pro",$369.99 –,https://www.newegg.com/dell-lt-de5430-i5-g12-32-512-r-14-no-32gb-memory-512-gb-ssd-gray/p/1TS-000A-14SV8,Intel Core i5-1245U,32GB DDR4,512GB NVMe,Intel Iris Xe Graphics,LT-DE5430/i5-G12-32-512-R
Refurbished,"Refurbished DELL Latitude 7430 2-in-1 Laptop Intel Core i7-1265U 32GB RAM 512GB SSD 14.0"" FHD Touchscreen Windows 11 Pro",$459.99 –,https://www.newegg.com/dell-lt-de7430-i7-g12-32-512-2n1-14-0-yes-32gb-memory-512-gb-ssd-black/p/1TS-000A-15BF3,Intel Core i7-1265U,32GB,512GB,,LT-DE7430/i7-G12-32-512-2N1
Refurbished,"Refurbished Dell Latitude 5420 14"" FHD Touch Laptop, Intel Core i5-1145G7, 16GB, 256GB, Windows 11 Pro",$254.99 –,https://www.newegg.com/dell-lt-de5420-i5-g11-16-256a1-14-no-16gb-memory-256-gb-ssd-silver/p/1TS-000A-15980,Intel Core i5-1145G7,16GB,,,LT-DE5420/i5-G11-16-256A1
MSI,MSI Venture 16 AI TouchScreen Laptop Intel Core Ultra 7 255H 32GB DDR5 RAM 512GB SSD Intel Arc Graphics (A2HMTG-046US),$899.00 –,https://www.newegg.com/msi-16-0-fhd-touch-screen-intel-core-ultra-7-255h-intel-arc-graphics-32gb-memory-512-gb-nvme-ssd-solid-gray/p/N82E16834156826,Intel Core Ultra 7 255H,32GB DDR5,512GB NVMe,Intel Arc Graphics,Venture 16 AI A2HMTG-046US
Refurbished,"Refurbished Lenovo ThinkPad T490 Laptop Intel Core i5-8250U 16GB Memory 256GB SSD 14.0"" Windows 11 Pro",$214.99 –,https://www.newegg.com/lenovo-thinkpad-14-0-non-touch-screen-intel-core-i5-8250u-16gb-memory-256gb-ssd/p/N82E16834840767,Intel Core i5-8250U,16GB,256GB,,LENTHT490I5816256
Refurbished,"Refurbished DELL Latitude 5420 Laptop Intel Core i7-1185G7 16GB RAM 512GB SSD 14.0"" FHD Windows 11 Pro",$344.99 –,https://www.newegg.com/dell-latitude-5420-14-0-non-touch-screen-2-60-16gb-memory-512-gb-ssd-black/p/1TS-000A-0ZJE7,Intel Core i7-1185G7,16GB DDR4,512GB,Intel Iris Xe Graphics,Latitude 5420
BiTECOOL,"BiTECOOL 15.6-inch Windows 11 Laptop, 16GB RAM, 512GB SSD, FHD IPS Display Laptop Computer, Intel N5095 Quad Core, 2.4/5G WiFi, BT4.2 Backlit and Fingerprint, Lightweight and Portable",$269.00 –,https://www.newegg.com/bitecool-15-6-non-touch-screen-intel-celeron-n5095-intel-uhd-graphics-16-gb-lpddr4-memory-512-gb-sata3-ssd-gray/p/1TS-00GJ-00006,Intel Celeron N5095,16 GB LPDDR4,512 GB SATA3,Intel UHD Graphics,BTC501
ASUS,"ASUS VivoBook 15.6"" Laptop - Intel i9-13900H - 16GB RAM - 1TB SSD - Windows 11 Home (F1502VA-NS96)",$899.99 –,https://www.newegg.com/asus-vivobook-15-6-fhd-non-touch-screen-intel-core-i9-13900h-intel-iris-xe-graphics-16gb-memory-1-tb-pcie-ssd-quiet-blue/p/N82E16834236520,Intel Core i9-13900H,16GB,1TB PCIe,Intel Iris Xe Graphics,F1502VA-NS96
BiTECOOL,"BiTECOOL 15.6-inch FHD IPS Laptop, 8GB RAM 256GB SSD AMD 3020e (up to 2.6GHz), 2.4/5G WiFi Bluetooth 5.0, Windows 11 Pro Lightweight Portable Notebook",$219.00 –,https://www.newegg.com/bitecool-15-6/p/1TS-00GJ-00020,AMD 3020e,8GB,256GB,,BTC518
Auusda,"Auusda EXSURF 16"" Business Laptop, AMD Ryzen 5 7430U, 16GB Dual Channel RAM, 1TB SSD, Windows 11 Pro, 1200P FHD IPS, WiFi 6, Privacy Camera, Backlight, Fingerprint, Full Type-C, Gray",$429.99 –,https://www.newegg.com/exsurf-16-0/p/1TS-00TY-00002,AMD Ryzen™ 5 7430U,16GB,1TB NVMe,AMD Radeon™ Graphics,F17100414
Auusda,"Auusda T160R Laptop, 16"" FHD Display Computer, AMD Ryzen 5 3500U up to 3.7GHz, 32GB RAM, 1TB SSD, Dual Full-Type C| Fingerprint | Backlit keys | Windows 11 Pro, Black",$479.99 –,https://www.newegg.com/exsurf-16-0/p/1TS-00TY-00004,AMD Ryzen™ 5 3500U,32GB,1TB NVMe,AMD Radeon RX Vega 7,F17250515
Refurbished,"Refurbished Lenovo ThinkPad T14 Gen 3 14"" WUXGA IPS Intel Core i7-1265U 3.60 GHz up to 4.80 GHz 16GB DDR4 256GB SSD Intel UHD Graphics Windows 11 Pro Laptop, Black - 21AJS10F00-I010",$499.99 –,https://www.newegg.com/lenovo-14-0-intel-uhd-graphics-16gb-memory-256-gb-ssd-black/p/1TS-000E-1DZA2,,16GB,256 GB,Intel UHD Graphics,21AJS10F00-I010-R
Refurbished,"Refurbished Dell Latitude 5430 Laptop Intel Core i7-1265U 32GB RAM 512GB SSD 14.0"" FHD Windows 11 Pro",$469.99 –,https://www.newegg.com/dell-latitude-14-0-fhd-non-touch-screen-intel-core-i5-8350u-intel-uhd-graphics-620-8gb-memory-256gb-nvme-ssd-black/p/N82E16834817529,Intel Core i7-1265U,32GB DDR4,512GB NVMe,,LT-DE5430/i7-G12-32-512
HP,"HP EliteBook 16.0"" Intel Core Ultra 5 125U 16GB Memory 512GB SSD Windows 11 Pro 64-bit 860",$869.99 –,https://www.newegg.com/hp-elitebook-16-0-touch-screen-intel-core-ultra-5-125u-intel-graphics-16gb-memory-512gb-ssd-silver/p/N82E16834818515,Intel Core Ultra 5 125U,16GB,512GB,Intel Graphics,A6TD8UT#ABA
Lenovo,"Lenovo ThinkPad X1 Carbon Gen 13 Aura Edition 21NS0166US 14"" Copilot+  Ultrabook - Intel Core Ultra 7 258V - 32 GB - 512 GB SSD - Intel Arc Graphics 140V - Windows 11 Pro - Webcam - Wi-Fi 7","$1,844.49 –",https://www.newegg.com/lenovo-14-0-32gb-memory/p/1TS-000E-1E4N7,Intel Core Ultra 7 258V,32GB,512GB,,21NS0166US
Asus,"Asus VivoBook 16"" Copilot+ PC Laptop AMD Ryzen AI 7 350 16GB DDR5 Memory 512GB PCIE SSD Windows 11 Home (M1607KA-NS76)",$749.99 –,https://www.newegg.com/asus-vivobook-16-0-amd-ryzen-ai-7-350-ddr5-16gb-16gb-ddr5-on-board-memory-512gb-pcie-g4-ssd-ssd/p/N82E16834236650,AMD Ryzen AI 7 350,16GB DDR5,512GB PCIE G4 SSD,,M1607KA-NS76
NIAKUN,"NIAKUN Gaming Laptop,Windows 11 Pro Laptops with Office 365,16 Inch Laptop Computer 2026,16GB RAM 1TB SSD,N150 Processor(4C/4T),6000 mAh Battery,Backlit Keyboard,1200P FHD,2-Year Warranty,Business",$422.99 –,https://www.newegg.com/niakun-16-inches-intel-uhd-graphics-lcd-16gb-memory-1tb-ssd/p/2WC-007P-00005?Item=9SIC655KUP9883&cm_sp=SP-_-3239047-_-0-_-0-_-9SIC655KUP9883-_-laptop-_-laptop-_-5,,16GB,,Intel UHD Graphics,NY-08-1
BiTECOOL,"BiTECOOL 15.6-inch Windows 11 Laptop, 16GB RAM, 512GB SSD, FHD IPS Display Laptop Computer, Intel N5095 Quad Core, 2.4/5G WiFi, BT4.2 Backlit and Fingerprint, Lightweight and Portable, Pink",$259.00 –,https://www.newegg.com/bitecool-15-6-non-touch-screen-intel-celeron-n5095-intel-uhd-graphics-16-gb-lpddr4-memory-512-gb-sata3-ssd-pink/p/1TS-00GJ-00013?Item=9SIBZ0YKJE4392&cm_sp=SP-_-2869958-_-0-_-2-_-9SIBZ0YKJE4392-_-laptop-_-laptop-_-6,Intel Celeron N5095,16 GB LPDDR4,512 GB SATA3,Intel UHD Graphics,BTC501-Pink
Dell,"Dell Pro 16 PC16250 16"" Notebook - Intel Core Ultra 5 235U - 16 GB - 512 GB SSD - Windows 11 Pro - Webcam - 8.30 Hours Battery - IEEE 802.11ax Wireless LAN Standard   GRG36",$999.99 –,https://www.newegg.com/dell-pro-16-16-0-fhd-non-touch-screen-intel-core-ultra-5-235u-intel-iris-graphics-16gb-memory-512-gb-ssd-platinum-silver/p/N82E16834817348,Intel Core Ultra 5 235U,16GB,512GB,Intel Iris Graphics,GRG36
Lenovo,"Lenovo ThinkPad T14s Gen 6 21N1002DUS 14"" Copilot+ PC Notebook - WUXGA - Qualcomm Snapdragon X1P-42-100 - 16 GB - 512 GB SSD - English Keyboard - Black - Qualcomm Chip - 1920 x 1200 - Windows 11","$1,444.99 –",https://www.newegg.com/lenovo-14-0-non-touch-screen-qualcomm-snapdragon-x-plus-x1p-42-100-16gb-memory-512-gb-ssd/p/1TS-000E-1C4U1,Qualcomm Snapdragon X Plus X1P-42-100,16GB LPDDR5X,512GB,Qualcomm Adreno,21N1002DUS
BiTECOOL,"BiTECOOL Laptop Computer 15.6 inch, Intel Quad Core N95, 12GB LPDDR5 RAM 512GB NVMe SSD Laptop with FHD IPS Display, WiFi 5, BT5.0, USB Type C and Fingerprint, 2 Years Warranty, Windows 11 Pro",$279.00 –,https://www.newegg.com/bitecool-15-6/p/1TS-00GJ-00015?Item=9SIBZ0YKK97984&cm_sp=SP-_-2908035-_-0-_-2-_-9SIBZ0YKK97984-_-laptop-_-laptop-_-9,Intel Processor N95,12GB,512GB,,BTC512-154N-512GB
ACEMAGIC,"ACEMAGIC Laptop 15.6 FHD Laptop, AMD Ryzen 3 4300U, 16GB RAM, 512GB SSD, Windows 11 Pro, Graphite, WiFi 6, Backlit KB, Gray",$279.00 –,https://www.newegg.com/acemagic-15-6/p/1TS-00NN-00013?Item=9SIBUU5KRJ0954&cm_sp=SP-_-3152937-_-0-_-2-_-9SIBUU5KRJ0954-_-laptop-_-laptop-_-10,AMD Ryzen 3 4300U,16GB,512GB,,4300ulx15pro
Lenovo,"Lenovo Yoga 7i 2-in-1 Business Laptop (16"" FHD+ Touchscreen, Intel Ultra 7 155U (Beat i7-1355U), 16GB DDR5 RAM, 1TB SSD) Backlit, Fingerprint, FHD IR Webcam, Thunderbolt 4, Win 11 Pro, 2025 AI PC",$899.99 –,https://www.newegg.com/lenovo-yoga-16-0-fhd-touch-screen-intel-core-ultra-7-155u-intel-graphics-16gb-memory-1-tb-nvme-ssd-gray/p/1TS-000E-1D0H5,Intel Core Ultra 7 155U,16GB,1TB NVMe,Intel Graphics,Lenovo Yoga 7i Win11P Touch U7 16GB 1TB
Lenovo,"Lenovo - IdeaPad Slim 3 15.6"" Full HD Touchscreen Laptop - AMD Ryzen 7 5825U - 16GB Memory - 512GB SSD - Arctic Grey",$555.79 –,https://www.newegg.com/lenovo-ideapad-15-6-touch-screen-16gb-memory-512-gb-ssd-arctic-grey/p/1TS-000E-1DK92,,16GB,512GB,,82XM00LMUS
Lenovo,"Lenovo ThinkPad E16 Gen 2 16.0"" AMD Ryzen 5 7535U AMD Radeon 660M 16GB Memory 256GB SSD Windows 11 Pro 21M5000GUS","$1,117.23 –",https://www.newegg.com/lenovo-16-0-non-touch-screen-amd-ryzen-5-7535u-amd-radeon-660m-16gb-memory-256-gb-ssd/p/1TS-000E-1B7W3,AMD Ryzen 5 7535U,16GB,256GB,AMD Radeon 660M,21M5000GUS
HP,"HP EliteBook 6 G1i 14"" Notebook - Intel Core Ultra 7 265U - 16 GB - 512 GB SSD - Intel Graphics - Windows 11 Pro - Webcam - Wi-Fi 7 - D4EB2UT#ABA","$1,479.99 –",https://www.newegg.com/hp-14-0-no-16gb-memory/p/1TS-000D-1SMG4,Intel Core Ultra 7 265U,16GB,512GB,Intel Graphics,D4EB2UT#ABA
Lenovo,"Lenovo ThinkPad P16 Gen 3 16"" Mobile Workstation - Intel Core Ultra 7 255HX - 32 GB - 1 TB SSD - Windows 11 Pro - NVIDIA RTX PRO 2000 Blackwell 8 GB - Webcam - Wi-Fi 7 (21RQ0018US)","$2,689.99 –",https://www.newegg.com/lenovo-16-0/p/1TS-000E-1DV40,Intel Core Ultra 7 255HX,32GB,1TB,NVIDIA RTX PRO 2000 Blackwell,21RQ0018US
Hasee,"Hasee T8 Pro-16'' GeForce RTX 5080 Laptop GPU  Intel i9-14900HX-5.8GHz, AI Gaming Laptop, 32G DDR5 RAM, 2TB SSD, 16'' 240Hz QHD+ 100%sRGB IPS Display, RGB KB, WiFi 7,BT5.4,Win11, Mecha Grey","$2,379.99 –",https://www.newegg.com/hasee-t8pro-16-0-geforce-rtx-5080-laptop-gpu-qhd-32gb-memory-2-tb-ssd/p/2WC-004U-00053?Item=9SIC11UKGE3534&cm_sp=SP-_-2941133-_-0-_-0-_-9SIC11UKGE3534-_-laptop-_-laptop-_-17,Intel Core i9-14900HX,32GB,2TB,GeForce RTX 5080 Laptop GPU,T8Pro-T11-94212QX-2T
ACEMAGIC,"ACEMAGIC Laptop 16"" FHD RX16 AMD Ryzen 9 6900HX 16GB LPDDR5 512GB NVMe SSD Windows 11 Pro Backlit Keyboard WiFi 6",$598.00 –,https://www.newegg.com/acemagic-16-0-non-touch-screen-amd-ryzen-9-6900hx-amd-radeon-680m-16gb-memory-512gb-ssd/p/1TS-00NN-00017?Item=9SIBUU5KUR0044&cm_sp=SP-_-3263474-_-0-_-2-_-9SIBUU5KUR0044-_-laptop-_-laptop-_-18,AMD Ryzen 9 6900HX,16GB,512GB,AMD Radeon 680M,rx166900hx48
Lenovo,"Lenovo Slim 7 14.0"" Intel Core Ultra 7 256V 16GB Memory 1TB PCIe SSD 83MC0001US","$1,279.99 –",https://www.newegg.com/lenovo-slim-7-14-0-non-touch-screen-intel-core-ultra-7-256v-intel-arc-graphics-140v-16gb-memory-1-tb-pcie-ssd-luna-grey/p/N82E16834840644,Intel Core Ultra 7 256V,16GB,1TB PCIe,Intel Arc 140V,83MC0001US
MSI,"MSI Prestige 14 AI+ Evo 14.0"" Copilot+ PC Laptop Intel Core Ultra 7 258V 32GB Memory 1 TB NVMe SSD Windows 11 Home C2VMG-032US","$1,390.61 –",https://www.newegg.com/msi-14-0-fhd-non-touch-screen-intel-core-ultra-7-258v-intel-arc-graphics-140v-32gb-memory-1-tb-nvme-ssd-stellar-gray/p/N82E16834156795,Intel Core Ultra 7 258V,32GB LPDDR5X,1TB NVMe,,Prestige 14 AI+ Evo C2VMG-032US
ACEMAGIC,"ACEMAGIC Laptop 15.6 FHD Laptop, Intel i5-12600H, 16GB RAM, 512GB SSD, Windows 11 Pro, Graphite, WiFi 6, Backlit KB, Gray",$339.00 –,https://www.newegg.com/acemagic-15-6/p/1TS-00NN-00014?Item=9SIBUU5KRJ0956&cm_sp=SP-_-3214767-_-0-_-2-_-9SIBUU5KRJ0956-_-laptop-_-laptop-_-21,Intel® Core™ i5-12600H Processor,16GB,512GB,,lx15pro12600h
NIAKUN,"NIAKUN Laptop Computer, Gaming Laptops 2026, 16 Inch Lap Top PC Windows 11 Pro, 16GB RAM 1TB SSD, Intel N100 Processor(up to 3.4GHz), Office 365, Backlit Keyboard, 2-Year Warranty",$386.99 –,https://www.newegg.com/niakun-16-1-lcd-n100-ssd-ssd-1-tb-hdd/p/1TS-00U5-00003?Item=9SIC655KUP7604&cm_sp=SP-_-3239047-_-0-_-0-_-9SIC655KUP7604-_-laptop-_-laptop-_-22,N100,16GB,1TB,,NIABook NY-03
Lenovo,"Lenovo Thinkpad X9-14 Gen 1 21QA008NUS 14"" Touchscreen Copilot+ PC Notebook - Intel Core Ultra 7 258V (2.20 GHz) - 32 GB - 512 GB SSD - Windows 11 Pro - Intel Arc Graphics 140V - Webcam - Wi-Fi 7","$1,409.00 –",https://www.newegg.com/lenovo-14-0-arc-graphics-140v-gray/p/1TS-000E-1DWH1,Intel Core Ultra 7 258V,32GB DDR5,512GB,,21QA008NUS
Refurbished,"Refurbished ASUS VivoBook Laptop Intel Core Ultra 7 256V 16GB Memory 1 TB SSD Intel Arc Graphics 14.0"" Touchscreen Windows 11 Home (TP3407SA-DS74T)",$619.99 –,https://www.newegg.com/asus-vivobook-14-0-touch-screen-intel-core-ultra-7-256v-intel-arc-graphics-16gb-memory-1-tb-pcie-ssd-black/p/N82E16834236737,Intel Core Ultra 7 256V,16GB,1TB PCIe,Intel Arc Graphics,ASU-TP3407SA-DS74T/RB
Dell,"Dell Pro Max MC16250 16"" Mobile Workstation - Intel Core Ultra 7 265H - 16 GB - 512 GB SSD - Windows 11 Pro - NVIDIA RTX PRO 500 Blackwell 6 GB - Webcam - Wi-Fi 7   Y0KTY","$3,019.99 –",https://www.newegg.com/dell-pro-max-16-0-fhd-non-touch-screen-intel-core-ultra-7-265h-nvidia-rtx-pro-500-16gb-ddr5-memory-512gb-ssd-black/p/N82E16834817600,Intel Core Ultra 7 265H,16GB DDR5,512GB,,Y0KTY
Lenovo,"Lenovo ThinkPad X1 Carbon Gen 13 21NX00FRUS 14"" Ultrabook - Intel Core Ultra 5 225U - 16 GB - 512 GB SSD - Windows 11 Pro - Webcam - IEEE 802.11ax Wireless LAN Standard","$1,899.99 –",https://www.newegg.com/lenovo-14-0/p/1TS-000E-1DCT7,Intel Core Ultra 5 225H,16GB,512GB,Intel Graphics,21NX00FRUS
Dell,"Dell Pro Max MC16250 16"" Copilot+ PC Notebook - Intel Core Ultra 5 235H (2.40 GHz) - 16 GB - 256 GB SSD - Windows 11 Pro - Intel Arc Pro 140T GPU - Webcam - Wi-Fi 6E   D55TP","$2,136.99 –",https://www.newegg.com/dell-pro-max-16-0-fhd-non-touch-screen-intel-core-ultra-5-235h-2-40-ghz-intel-arc-pro-140t-gpu-16gb-ddr5-memory-256gb-ssd-black/p/N82E16834817596,Intel Core Ultra 5 235H (2.40 GHz),16GB DDR5,256GB,,D55TP
Dell,"Dell Pro 15 Essential PV15250 15.6"" Notebook - Intel Core i7-1355U - 16 GB - 512 GB SSD - Windows 11 Pro - Intel UHD Graphics - Wi-Fi 6 (0WR3Y)","$1,118.99 –",https://www.newegg.com/dell-pro-15-essential-15-6-fhd-non-touch-screen-intel-core-i7-1355u-intel-uhd-graphics-16gb-ddr5-memory-512gb-ssd-carbon-black/p/N82E16834817580,Intel Core i7-1355U,16GB DDR5,512GB,Intel UHD Graphics,0WR3Y
NIAKUN,"NIAKUN Laptop Computer, Gaming Laptops 2026, 16 Inch Lap Top PC Windows 11 Pro, 16GB RAM 1TB SSD, Intel N95 Processor(up to 3.4GHz), Office 365, Backlit Keyboard, 2-Year Warranty",$359.99 –,https://www.newegg.com/niakun-16-inches-lcd-non-touch-n95-ssd-ssd-1-tb-hdd/p/1TS-00U5-00005?Item=9SIC655KUP7606&cm_sp=SP-_-3239047-_-0-_-0-_-9SIC655KUP7606-_-laptop-_-laptop-_-29,N95,16GB,1TB,,NY-02
Refurbished,"Refurbished Dell Latitude 5420 14"" FHD Laptop - Intel Core i7-1185G7 3GHz 32 GB RAM 512 GB SSD Intel Iris Xe Graphics - Windows 11 pro",$399.00 –,https://www.newegg.com/dell-latitude-14-0-fhd-non-touch-screen-intel-core-i7-1185g7-intel-iris-xe-graphics-32gb-memory-512-gb-ssd-gray/p/1TS-000A-151V3?Item=9SIA9PSKP94857&cm_sp=SP-_-3202440-_-0-_-2-_-9SIA9PSKP94857-_-laptop-_-laptop-_-30,Intel Core i7-1185G7,32GB,512GB,Intel Iris Xe Graphics,810Q7M3
Dell,"Dell Pro Max MC16250 16"" Copilot+ PC Mobile Workstation - Intel Core Ultra 7 255H - 16 GB - 512 GB SSD - Windows 11 Pro - Intel Arc Pro 140T Graphics - Webcam - Wi-Fi 7   42VDY","$2,654.99 –",https://www.newegg.com/dell-pro-max-16-0-fhd-non-touch-screen-intel-core-ultra-7-255h-intel-arc-pro-140t-graphics-16gb-ddr5-memory-512gb-ssd-black/p/N82E16834817597,Intel Core Ultra 7 255H,16GB DDR5,512GB,,42VDY
Lenovo,"Lenovo ThinkPad P16 Gen 2 16.0"" Touch Screen Intel Core i7-13700HX NVIDIA RTX 4000 Ada Generation 32GB Memory 1TB SSD Windows 11 Pro 21FA002XUS","$3,875.99 –",https://www.newegg.com/lenovo-thinkpad-16-0-intel-core-i7-13700hx-quadro-rtx-4000-32gb-memory-1-tb-ssd-gray/p/1TS-000E-18KK2,Intel Core i7-13700HX,32GB DDR5,1TB,NVIDIA RTX 4000 Ada Generation,21FA002XUS
Auusda,"Auusda EXSURF 15.6"" Laptop Computer, AMD 3050E CPU, 32GB RAM 1TB SSD, Fingerprint, Backlit Keyboard, Windows 11 Pro Home Notebook, Silver",$399.99 –,https://www.newegg.com/exsurf-15-6/p/1TS-00TY-00006?Item=9SIC11PKKE9672&cm_sp=SP-_-2985460-_-0-_-2-_-9SIC11PKKE9672-_-laptop-_-laptop-_-33,AMD Athlon Silver 3050e,32GB,1TB,,F13260512
HP,"HP OmniBook 5 Laptop Computer 16"" 2K Snapdragon X 16 GB memory;512 GB SSD","$1,049.99 –",https://www.newegg.com/hp-16-0-qualcomm-snapdragon-x-x1-26-100-qualcomm-adreno-16gb-memory-512-gb-pcie-ssd/p/2NR-000A-01PK9?Item=9SIAR0TKKG0233&cm_sp=SP-_-2992788-_-0-_-0-_-9SIAR0TKKG0233-_-laptop-_-laptop-_-34,,,,,BX8M8UA#ABA
Lenovo,"Lenovo ThinkPad E16 Gen 2 16.0"" AMD Ryzen 7 7735U AMD Radeon 680M 16GB Memory 512GB SSD Windows 11 Pro 21M5000JUS","$1,096.87 –",https://www.newegg.com/lenovo-thinkpad-16-0-non-touch-screen-amd-ryzen-7-7735u-amd-radeon-680m-16gb-memory-512-gb-ssd-black/p/1TS-000E-1BJ33,AMD Ryzen 7 7735U,16GB DDR5,512GB,AMD Radeon 680M,21M5000JUS
Lenovo,"Lenovo ThinkPad X9 15 Aura Edition Intel Laptop, 15.3""  120Hz, Intel Core Ultra 7 268V vPro, 32GB, 1TB SSD","$1,599.00 –",https://www.newegg.com/lenovo-15-3-gb-memory-1-tb-ssd/p/1TS-000E-1CH31,,GB,1TB,,21Q6002BUS
Lenovo,"Lenovo ThinkPad P14s Business Laptop, AMD Ryzen AI 7 PRO 350, 14 FHD+ IPS Touchscreen, 32GB DDR5, 1TB SSD, Wi-Fi 7, HDMI, Windows 11 Pro, Black, Copilot+ Mobile Workstation","$1,219.00 –",https://www.newegg.com/lenovo-thinkpad-14-0-fhd-touch-screen-amd-ryzen-ai-7-350-amd-radeon-860m-32gb-ddr5-memory-1tb-pcie-ssd-black/p/1TS-000E-1E304,AMD Ryzen AI 7 350,32GB DDR5,1TB PCIe,AMD Radeon 860M,P14S5064-A_CTO_N1
Lenovo,"Lenovo Chromebook 14M8911 83SY0007US 14"" Chromebook - WUXGA - Octa-core (ARM Cortex A78 + Cortex A55) - 8 GB - 64 GB Flash Memory - English Keyboard - Luna Gray - MediaTek Kompanio 540 Chip - 192",$469.99 –,https://www.newegg.com/lenovo-14-0-8gb-memory-gray/p/1TS-000E-1E5X4,,8GB,,,83SY0007US
Ningmei,"Ningmei NL500 Laptop, 15.6 Inch Notebook with Intel® Core i5-1240P (Up to 4.4GHz), 16GB DDR4 512GB SSD, BT5.2, 5G WiFi, USB3.2, Type_C, Webcam, Windows 11 Laptops for Business Student Light Gaming",$479.00 –,https://www.newegg.com/ningmei-15-6/p/1TS-00TS-00004,Intel Core i5-1240P,16GB,512GB,,601NMNL5004165A
Lenovo,"Lenovo ThinkPad P14s Gen 6 21QT002VUS 14.5"""" Mobile Workstation - Intel Core Ultra 9 285H - 64 GB - 1 TB SSD - Windows 11 Pro - Intel Arc 140T GPU - Webcam - Wi-Fi 7","$4,149.00 –",https://www.newegg.com/lenovo-thinkpad-14-5-non-touch-screen-intel-core-ultra-9-285h-intel-arc-140t-64gb-ddr5-memory-1tb-ssd-black/p/1VK-0003-1SNJ8,Intel Core Ultra 9 285H,64GB DDR5,1TB,,21QT002VUS
Acer,"Acer 314 14"" FHD Widescreen Chromebook Intel N100 4GB RAM 128GB eMMC Pure Silver - Intel Processor N100 with up to 3.40GHz - 14"" FHD Widescreen ComfyView LED-backlit Display - 128 GB eMMC -",$299.99 –,https://www.newegg.com/acer-america-14-0-no-uhd-graphics/p/1TS-000X-06394,,,,UHD Graphics,NX.JM0AA.001
Lenovo,"Lenovo Laptop V15 for Business, Home, Student, 15.6"" FHD Anti-Glare, AMD Ryzen 7 7730U, 24GB RAM, 1TB SSD, HDMI, Type-C, Numeric Keypad, Webcam w/ Shutter, Wi-Fi 6, Win 11 Pro w/ AI Copilot, Black",$729.00 –,https://www.newegg.com/lenovo-v-series-15-6-fhd-amd-radeon-graphics-24-memory-1-tb-pcie-ssd-black/p/1TS-000E-1E2H6,,24,1 TB PCIe,AMD Radeon Graphics,V156319-C_CTO_N1
Refurbished,"Refurbished Dell Latitude 5430 Laptop Intel Core i5-1245U 16GB RAM 512GB SSD 14.0"" FHD Windows 11 Pro",$314.99 –,https://www.newegg.com/dell-lt-de5430-i5-g12-16-512-14-no-16gb-memory-512-gb-ssd-black/p/2SN-0007-00061,,16GB,512 GB,,LT-DE5430/i5-G12-16-512
MSI,"MSI Venture Pro A15 AI+ 15.6"" TouchScreen Copilot+ PC Laptop - AMD Ryzen AI 7 350 - Nvidia GeForce RTX 5050 - 16GB RAM - 1TB SSD (A3HWETG-083US)","$1,349.00 –",https://www.newegg.com/msi/p/N82E16834156851,AMD Ryzen AI 7 350,16GB DDR5,1TB NVMe,GeForce RTX 5050 Laptop GPU,VenturePro A15 AI+ A3HWETG-083US
HP,"HP 17.3"" HD+ Business Laptop Touchscreen Intel Core Ultra 7 255U (Beats i7-13620H) 32GB DDR5 RAM 1TB SSD Intel Graphics Wi-Fi 6 BT 5.4 Webcam HDMI 1.4 Backlit KB Fingerprint Windows 11 Home Blue","$1,196.97 –",https://www.newegg.com/hp-17-3-hd-touch-screen-intel-core-ultra-7-255u-intel-graphics-32gb-memory-1-tb-ssd-blue/p/1TS-000D-1S2W4,Intel Core Ultra 7 255U,32GB,1TB,Intel Graphics,HC320011112525SUB
Refurbished,"Refurbished Lenovo Slim 7i Copilot+ Aura Edition Intel Core Ultra 7 Processor 258V 32GB Memory 1TB SSD 14"" OLED Touchscreen Windows 11 Home 83MC0005US",$783.99 –,https://www.newegg.com/lenovo-ideapad-5-16-touch-screen-intel-core-ultra-7-255u-32gb-memory-1-tb-ssd-cosmic-blue/p/N82E16834840706,Intel Core Ultra 7 258V,32GB,1TB,,LEN-83MC0005US/RB
HP,"HP Fortis Flip G1m 11.6"" Touchscreen Convertible 2 in 1 Chromebook - HD - 60 Hz - Octa-core (ARM Cortex A76 + Cortex A55) - 8 GB - 64 GB Flash Memory - English Keyboard - Jet Black - MediaTek Kom",$484.65 –,https://www.newegg.com/hp-11-6-8gb-memory/p/1TS-000D-1SPA5,,8GB,,,BV0X9UT#ABA
Refurbished,"Refurbished HP EliteBook 845 G8 Laptop AMD Ryzen 5 PRO 5650U 32GB Memory 256GB 14.0"" FHD Windows 11 Pro",$288.99 –,https://www.newegg.com/lt-hp845g8-ry5-5650u-32-256-14-0-no-32gb-memory-256-gb-ssd-silver/p/1TS-000D-1RGE5,AMD Ryzen 5 PRO 5650U,32GB,,,LT-HP845G8/RY5-5650U-32-256
Refurbished,"Refurbished HP EliteBook 845 G8 Laptop AMD Ryzen 5 PRO 5650U 16GB Memory 256 GB SSD 14.0"" FHD Windows 11 Pro",$238.99 –,https://www.newegg.com/hp-elitebook-14-0-amd-ryzen-5-pro-5650u-16gb-memory-256-gb-ssd/p/N82E16834818214,AMD Ryzen 5 PRO 5650U,16GB,,,632556093726
Lenovo,"Lenovo IdeaPad Slim 5 Business 16"" WUXGA Touchscreen AMD Ryzen AI 7 350 (>Core Ultra 7 255H) AMD Radeon 860M 16GB DDR5 RAM 512GB SSD Wi-Fi 7 BT 5.4 Backlit KB 1080p Webcam Windows 11 Pro Cosmic Blue",$799.00 –,https://www.newegg.com/lenovo-16-0-wuxga-touch-screen-amd-ryzen-ai-7-350-amd-radeon-860m-16gb-memory-512-gb-ssd-blue/p/1TS-000E-1E5D4,AMD Ryzen AI 7 350,16GB,512 GB,AMD Radeon 860M,HC165122041126
Lenovo,"Lenovo LOQ 15AHP10 15.6"" Gaming Notebook - AMD Ryzen 5 220 - 16GB - 1TB SSD - NVIDIA GeForce RTX 5050 8GB - Windows 11 Home - Wi-Fi 6E (83JG000HUS)","$1,146.99 –",https://www.newegg.com/lenovo-15-6-geforce-rtx-5050/p/1TS-000E-1DMA9,AMD Ryzen 5 220,16GB DDR5,1TB,GeForce RTX 5050,83JG000HUS
HP,"HP 17.3"" HD+ Business Laptop Touchscreen Intel Core Ultra 7 255U (Beats i7-13620H) 32GB DDR5 RAM 2TB SSD Intel Graphics Wi-Fi 6 BT 5.4 Webcam HDMI 1.4 Backlit KB Fingerprint Windows 11 Home Blue","$1,269.00 –",https://www.newegg.com/hp-17-3-hd-touch-screen-intel-core-ultra-7-255u-intel-graphics-32gb-memory-2-tb-ssd-blue/p/1TS-000D-1S2W8,Intel Core Ultra 7 255U,32GB,2TB,Intel Graphics,HC320021112525SUB
HP,"HP 17.3"" HD+ Business Laptop Touchscreen Intel Core Ultra 7 255U (Beats i7-13620H) 32GB DDR5 RAM 1TB SSD Intel Graphics Wi-Fi 6 BT 5.4 Webcam HDMI 1.4 Backlit KB Fingerprint Windows 11 Pro Blue","$1,196.97 –",https://www.newegg.com/hp-17-3-hd-touch-screen-intel-core-ultra-7-255u-intel-graphics-32gb-memory-1-tb-ssd-blue/p/1TS-000D-1S2W5,Intel Core Ultra 7 255U,32GB,1TB,Intel Graphics,HC320012112525SUB
Auusda,"Auusda 16"" Laptop AMD Ryzen 7 7840HS, 32GB DDR5 RAM, 1TB NVMe SSD, Windows 11 Pro Computer, Not for Heavy Gaming, Backlit, Fingerprint, Full-Type C, WiFi 6, Bluetooth 5.3, Webcam Switch, Gray",$647.99 –,https://www.newegg.com/exsurf-16-0/p/1TS-00TY-00007?Item=9SIC11PKKS9639&cm_sp=SP-_-2985460-_-0-_-2-_-9SIC11PKKS9639-_-laptop-_-laptop-_-5,AMD Ryzen™ 7 7840HS,32GB,1TB NVMe,,T160R-7840HS-32+1TB
HP,"HP OmniBook 5 Laptop Computer 14"" 2K Snapdragon X 16 GB memory;256 GB SSD","$1,049.99 –",https://www.newegg.com/hp-14-0-qualcomm-snapdragon-x-x1-26-100-qualcomm-adreno-16gb-memory-256-gb-pcie-ssd/p/2NR-000A-01PM0?Item=9SIAR0TKKP0647&cm_sp=SP-_-2992788-_-0-_-0-_-9SIAR0TKKP0647-_-laptop-_-laptop-_-6,,,,,BU1K1UA#ABA
BiTECOOL,"BiTECOOL Laptop Computer 15.6 inch, Intel Quad Core N95, 12GB LPDDR5 RAM 1TB NVMe SSD Laptop with FHD IPS Display, WiFi 5, BT5.0, USB Type C and Fingerprint, 2 Years Warranty, Windows 11 Pro",$299.00 –,https://www.newegg.com/bitecool-15-6/p/1TS-00GJ-00010,Intel Celeron N95,12GB LPDDR5,1TB NVMe SSD,,BTC512-154N-TT
Dell,"Dell Inspiron 3530 15.6"" FHD Touch Laptop,Intel Core i7-1355U,Intel Iris Xe Graphics,Wi-Fi6 and Bluetooth 5.3,32 GB RAM|1 TB SSD,Windows11 Pro,Carbon Black",$839.00 –,https://www.newegg.com/dell-15-6-fhd-touch-screen-intel-core-i7-1355u-intel-iris-xe-graphics-32gb-memory-1-tb-ssd-black/p/1TS-000A-104S5,Intel Core i7-1355U,32GB,1TB,Intel Iris Xe Graphics,B2C_Dell-i3530_11-29-23_32_1TP
Lenovo,"Lenovo 15 inch Laptop with Lifetime Office 365 for The Web, 12GB RAM, 512GB SSD + 128GB eMMC Storage, Intel CPU, 10 Key Number Pad, Windows 11 Home, External 64GB USB",$399.00 –,https://www.newegg.com/lenovo-ideapad-15-6-fhd-non-touch-screen-intel-pentium-silver-n6000-intel-uhd-graphics-12gb-ddr4-memory-512gb-pcie-ssd-gray/p/1TS-000E-1E2W6?Item=9SIB0GJKTX3657&cm_sp=SP-_-3116991-_-0-_-2-_-9SIB0GJKTX3657-_-laptop-_-laptop-_-9,Intel Pentium Silver N6000,12GB DDR4,512GB PCIe,Intel UHD Graphics,IDEAPAD11775-C_CTO_NBU3
NIAKUN,"NIAKUN Laptop Computer, Window 11 Pro Lap Top 2026 New, 15.6 Inch Laptop PC, 16GB RAM 512GB SSD, 4425Y Processor, IPS FHD 1920*1080P, 2-Year Warranty, 5000mAh Battery, Mini HDMI, for School Business",$319.99 –,https://www.newegg.com/niakun-ny-14-15-6-inches-lcd-4425y-16gb-memory-512gb-ssd-gray/p/36B-002S-00001?Item=9SIC655KVD4811&cm_sp=SP-_-3202511-_-0-_-2-_-9SIC655KVD4811-_-laptop-_-laptop-_-10,4425Y,16GB,512GB,4425Y,A2-H9Z0-2EE3
HP,"HP OmniBook 7 16"" 2K(2048 x 1280) OLED Touchscreen 120Hz Intel Core 9 270H (Beat i9-13900H) Intel Graphics 32GB DDR5 RAM 512GB SSD Wi-Fi 7 BT 5.4 Backlit KB HDMI 2.1 5MP Webcam Windows 11 Pro Silver","$1,199.00 –",https://www.newegg.com/hp-16-0-wqxga-touch-screen-intel-core-9-270h-intel-graphics-32gb-memory-512-gb-ssd-silver/p/1TS-000D-1SH57,Intel Core 9 270H,32GB,512 GB,Intel Graphics,HC325122031426
Refurbished,"Refurbished Dell Latitude 5420 Laptop Intel Core i5-1145G7 16GB Memory 256GB SSD 14.0"" FHD Windows 11 Pro",$234.99 –,https://www.newegg.com/dell-latitude-14-0-non-touch-screen-intel-core-i5-1145g7-intel-iris-xe-graphics-16gb-memory-256-gb-ssd/p/N82E16834817432,Intel Core i5-1145G7,16GB,,,LT-DE5420/i5-G11-16-256-A
Lenovo,"Lenovo ThinkPad E14 Notebook,14"" Full HD+ 1920x1200,Intel Core i7-1355U Processor,16GB DDR4,512GB SSD,Intel Iris Xe Graphics,Wifi-AX,Windows 11 Pro",$839.99 –,https://www.newegg.com/lenovo-e14-thinkpad-14-0-ips-full-hd-1920-x-1200-wva-display-non-touch-screen-intel-iris-xe-graphics-16gb-memory-512-gb-ssd-black/p/1TS-000E-1CR94,,16GB,512GB,Intel Iris Xe Graphics,LENE14I716512SDR
Lenovo,"Lenovo Legion 5i AI-Powered Gaming Laptop 15.1"" WQXGA 2560x1600 OLED 165Hz Intel 24-core i9-14900HX 64GB DDR5 2TB SSD GeForce RTX 5070 DLSS4 (Up to 798 AI TOPS) RGB Backlit Win11 Copilot AI","$2,359.00 –",https://www.newegg.com/lenovo-15-1-2-20ghz-geforce-rtx-5070-laptop-gpu-64gb-memory-2-tb-ssd-black/p/1TS-000E-1DX50,2.20GHz,64GB,2 TB,GeForce RTX 5070 Laptop GPU,Legion5i95070-0122-005
Dell,"Dell Latitude 5350 13.3"" AG FHD Core Ultra 7 165U 1.7GHz 16GB RAM 512GB SSD WIN11P, Titan Gray Satin - 3 Year Dell Pro Support",$815.99 –,https://www.newegg.com/dell-13-3-ips-no-integrated-graphics-16gb-memory-512-gb-ssd-gray/p/1TS-000A-14W24,,16GB,512GB,Integrated Graphics,LAT5350U716512NTIR-NW
HP,"HP Fortis G1m 11.6"" Rugged Chromebook - HD - 60 Hz - Octa-core (ARM Cortex A76 + Cortex A55) - 4 GB - 32 GB Flash Memory - English Keyboard - Jet Black - MediaTek Kompanio 520 Chip - 1366 x 768 -",$315.99 –,https://www.newegg.com/hp-11-6-no-4gb-memory/p/1TS-000D-1SP20,,4GB,,,BV0W8UT#ABA
Acer,"Acer Nitro V ANV16-72-73C7, 16.0"" WUXGA (1920 x 1200) IPS 180Hz Display, Intel Core 7 processor 240H, NVIDIA GeForce RTX 5060 Laptop GPU (MGP 85W), 32GB DDR5, 512GB PCIe Gen 4 S (ANV16-72-73C7)","$1,299.99 –",https://www.newegg.com/acer-america-nitro-v-16-0-geforce-rtx-5060-laptop-gpu-up-to-5-20-ghz-wuxga-32gb-memory-512gb-pcie-gen-4-ssd-ssd/p/N82E16834360411?Item=N82E16834360411&cm_sp=SP-_-3241062-_-0-_-2-_-34-360-411-_-laptop-_-laptop-_-17,Up to 5.20 GHz,32GB,512GB PCIe Gen 4 SSD,GeForce RTX 5060 Laptop GPU,NH.U2EAA.004
NIAKUN,"NIAKUN Gaming Laptop Computer, Lap Top PC 2026 Window 11 pro, 16GB RAM 1TB SSD, Ryzen 5 7430U (up to 4.3Ghz, Beat 5700U), Backlit Keyboard, IPS 1920 * 1080 FHD Display, WiFi 5, BT5.0, Fingerprint",$539.99 –,https://www.newegg.com/niakun-15-6-inches-lcd-7430u-ssd-ssd-1-tb-hdd-silver/p/1TS-00U5-00009?Item=9SIC655KUP8516&cm_sp=SP-_-3202511-_-0-_-2-_-9SIC655KUP8516-_-laptop-_-laptop-_-18,7430U,16GB,1TB,,AM01
Refurbished,"Refurbished ASUS Zenbook CopilotPC+ Laptop AMD Ryzen AI 7 350 32GB RAM 1TB SSD AMD Radeon Graphics 14.0"" OLED Touchscreen WUXGA Windows 11 Home",$819.00 –,https://www.newegg.com/asus-zenbook-14-0-yes-amd-ryzen-ai-7-350-amd-radeon-graphics-32gb-lpddr5x-memory-1tb-m-2-nvme-pcie-4-0-ssd-ssd-jade-black/p/N82E16834236755,AMD Ryzen AI 7 350,32GB LPDDR5X,1TB M.2 NVMe PCIe 4.0 SSD,AMD Radeon Graphics,UM3406KA-WS79T
Lenovo,"Lenovo ThinkBook 16 Gen 7 16.0"" Touch Screen AMD Ryzen 7 7735HS AMD Radeon 680M 16GB Memory 512 GB SSD Windows 11 Pro 21MW0003US","$1,139.99 –",https://www.newegg.com/lenovo-16-0-amd-ryzen-7-7735hs-16gb-memory-512-gb-ssd/p/1TS-000E-1ARD5,AMD Ryzen 7 7735HS,16GB DDR5,512GB,AMD Radeon 680M,21MW0003US
Lenovo,"Lenovo V15 Gen 5 IRL Laptop, 15.6"" FHD Display, Intel Core i7-13620H Upto 4.9GHz, 16GB RAM, 2TB SSD, Windows 11 Pro","$1,099.99 –",https://www.newegg.com/lenovo-15-6-full-hd-intel-uhd-graphics-16gb-memory-2-tb-ssd-black/p/1TS-000E-1E6N2,,16GB,2 TB,Intel UHD Graphics,V15G5i713-162nP
Lenovo,"Lenovo ThinkPad E16 Business Laptop, 16"" FHD+ Touchscreen, AMD Ryzen 7 7735U, 32GB DDR5 RAM, 1TB SSD, Webcam w/ Shutter, HDMI, Type-C, Fingerprint, Backlit KB, Wi-Fi 6, Windows 11 Pro, Black","$1,109.00 –",https://www.newegg.com/lenovo-thinkpad-16-0-fhd-touch-screen-amd-ryzen-7-7735u-amd-radeon-680m-32gb-ddr5-memory-1tb-pcie-ssd-black/p/1TS-000E-1E2J3,AMD Ryzen 7 7735U,32GB DDR5,1TB PCIe,AMD Radeon 680M,E162190-C_CTO_N1
Refurbished,"Refurbished Dell Latitude 5430 Laptop Intel Core i7-1255U 32GB Memory 256GB SSD  14.0"" FHD Windows 11 Pro",$399.99 –,https://www.newegg.com/dell-lt-de5430-i7-g12-32-256-14-no-32gb-memory-256-gb-ssd-gray/p/1TS-000A-15BF4,,32GB,256 GB,,LT-DE5430/i7-G12-32-256
Dell,"Dell Pro 14 Plus 2-in-1 Laptop PB14250, 14"" Non-Touch FHD+, Intel® Core Ultra 7 268V, 32 GB RAM, 512 GB SSD, Windows 11 Pro, Copilot+ PC","$2,999.00 –",https://www.newegg.com/dell-14/p/1TS-000A-15DE6?Item=9SIC57KKTH1555&cm_sp=SP-_-3115590-_-0-_-2-_-9SIC57KKTH1555-_-laptop-_-laptop-_-24,,,,,BTS209_PB14250_USX
Lenovo,"Lenovo V15 Gen 5 IRL Laptop, 15.6"" FHD Display, Intel Core i7-13620H Upto 4.9GHz, 32GB RAM, 1TB SSD, Windows 11 Pro","$1,189.99 –",https://www.newegg.com/lenovo-15-6-full-hd-intel-uhd-graphics-32gb-memory-1-tb-ssd-black/p/1TS-000E-1E6N6,,32GB,1 TB,Intel UHD Graphics,V15G5i713-321nP
Hasee,"Hasee T8 Pro-16'' GeForce RTX 5070 Ti Laptop GPU, Intel i7-14700HX-5.5GHz, AI Ready Gaming Laptop, 32GB DDR5 RAM, 1TB SSD, 16'' 300Hz QHD+ 100%sRGB IPS, RGB KB, WiFi7,BT5.4,Win11 Home","$1,709.99 –",https://www.newegg.com/hasee-t8pro-16-0-geforce-rtx-5070-ti-laptop-gpu-qhd-32gb-memory-1-tb-ssd/p/2WC-004U-00055?Item=9SIC11UKGE3533&cm_sp=SP-_-2941133-_-0-_-0-_-9SIC11UKGE3533-_-laptop-_-laptop-_-26,Intel Core i9-14900HX,32GB,1TB,GeForce RTX 5070 Ti Laptop GPU,T8Pro-T10-74213QX-US-NE
Auusda,"Auusda 15.6"" FHD Laptop, 16GB RAM 1TB SSD, Window 11 Pro, Fingerprint Sensor, Backlit Keyboard, AMD Athlon Silver 3050e Processor 4M Cache, Type-C, HDMI, for Work/Study/Daily Use, Silver",$329.99 –,https://www.newegg.com/exsurf-15-6/p/1TS-00TY-00005?Item=9SIC11PKKE9671&cm_sp=SP-_-3003889-_-0-_-0-_-9SIC11PKKE9671-_-laptop-_-laptop-_-27,AMD Athlon Silver 3050e,16GB,1TB,AMD Radeon RX Vega 3,F13260412
Refurbished,"Refurbished Dell Latitude 5420 Rugged Laptop Intel Core i5-8350U 1.7GHz 8GB Memory 256GB NVMe 14"" FHD Windows 11 Pro 64-bit",$639.99 –,https://www.newegg.com/dell-latitude-15-6-fhd-non-touch-screen-intel-core-i5-10310u-intel-uhd-graphics-8gb-memory-256gb-nvme-ssd-dark-gray/p/N82E16834817528,Intel Core i5-8350U,8GB,256GB NVMe,Intel UHD Graphics 620,J5-5420RA19
Lenovo,"Lenovo V14 G5 Laptop, 14"" FHD Display, Intel Core 7 240H Upto 5GHz, 32GB RAM, 1TB SSD, Windows 11 Pro",$949.99 –,https://www.newegg.com/lenovo-14-0-full-hd-intel-uhd-graphics-32gb-memory-1-tb-ssd-gray/p/1TS-000E-1E1D9,,32GB,1 TB,Intel UHD Graphics,V14G572H-321nP
MSI,"MSI Vector - 16"" 144 Hz - Intel Core Ultra 7 255HX - GeForce RTX 5070 Ti Laptop GPU - 16GB Memory DDR5 5600 - 512GB SSD - Windows 11 Home",,https://www.newegg.com/msi-16-geforce-rtx-5070-ti-laptop-gpu-intel-core-ultra-7-255hx-16gb-memory-512-gb-ssd/p/N82E16834156740,Intel Core Ultra 7 255HX,16GB,512GB,GeForce RTX 5070 Ti Laptop GPU,Vector 16 HX AI A2XWHG-061US
MSI,"MSI Cyborg15 - 15.6"" GeForce RTX 5060 Laptop GPU - Intel Core 7-240H(1.80-5.20 GHz) - 16GB Memory - 512 GB NVMe SSD - Windows 11 Home Gaming Laptops - 144 Hz IPS (Cyborg 15 B2RWFKG-259US )","$1,229.00 –",https://www.newegg.com/msi-cyborg15-15-6-geforce-rtx-5060-laptop-gpu-1-80-5-20-ghz-fhd-8gb-2-memory-512-gb-nvme-ssd/p/N82E16834156829,1.80-5.20 GHz,8GB*2,512GB NVMe,GeForce RTX 5060 Laptop GPU,Cyborg 15 B2RWFKG-259US
Acer,"Acer Nitro V ANV16-72-73C7, 16.0"" WUXGA (1920 x 1200) IPS 180Hz Display, Intel Core 7 processor 240H, NVIDIA GeForce RTX 5060 Laptop GPU (MGP 85W), 32GB DDR5, 512GB PCIe Gen 4 S (ANV16-72-73C7)","$1,299.99 –",https://www.newegg.com/acer-america-nitro-v-16-0-geforce-rtx-5060-laptop-gpu-up-to-5-20-ghz-wuxga-32gb-memory-512gb-pcie-gen-4-ssd-ssd/p/N82E16834360411,Up to 5.20 GHz,32GB,512GB PCIe Gen 4 SSD,GeForce RTX 5060 Laptop GPU,NH.U2EAA.004
Auusda,"Auusda EXSURF 16"" Business Laptop, AMD Ryzen 5 7430U, 16GB Dual Channel RAM, 1TB SSD, Windows 11 Pro, 1200P FHD IPS, WiFi 6, Privacy Camera, Backlight, Fingerprint, Full Type-C, Gray",$429.99 –,https://www.newegg.com/exsurf-16-0/p/1TS-00TY-00002?Item=9SIC11PKKE9668&cm_sp=SP-_-3003889-_-0-_-0-_-9SIC11PKKE9668-_-laptop-_-laptop-_-33,AMD Ryzen™ 5 7430U,16GB,1TB NVMe,AMD Radeon™ Graphics,F17100414
NIAKUN,"NIAKUN Gaming Laptop,16 Inch Laptops Computer,Windows 11 Pro Lap Top with Office 365,16GB RAM 512GB SSD,Intel N100 Processor,6000 mAh Long Battery Life,Backlit Keyboard,Fingerprint Unlock,Business",$350.99 –,https://www.newegg.com/niakun-16-inches-intel-uhd-graphics-lcd-ssd-ssd-ssd-hdd/p/2WC-007P-00002?Item=9SIC655KUP7600&cm_sp=SP-_-3239047-_-0-_-0-_-9SIC655KUP7600-_-laptop-_-laptop-_-34,,16GB,,Intel UHD Graphics,NY-03
MSI,"MSI Vector - LCD 16"" QHD+ GeForce RTX 5080 Laptop GPU - Intel Core Ultra 9 275HX - 16GB Memory - 1 TB SSD - Windows 11 Home Gaming Laptop - 240 Hz (Vector 16 HX AI A2XWIG-050US )","$2,199.00 –",https://www.newegg.com/msi-16-geforce-rtx-5080-laptop-gpu-intel-core-ultra-9-275hx-16gb-memory-1-tb-ssd/p/N82E16834156737,Intel Core Ultra 9 275HX,16GB,1TB,GeForce RTX 5080 Laptop GPU,Vector 16 HX AI A2XWIG-050US
MSI,"MSI Cyborg A15 - 15.6"" FHD 144 Hz - AMD Ryzen 7 260(3.80-5.10 GHz) - GeForce RTX 5050 Laptop GPU - 16GB Memory DDR5 5600 - 512GB NVMe SSD - Windows 11 Home  (Cyborg A15 AI B2HWEKG-071US )","$1,049.00 –",https://www.newegg.com/msi-cyborg-a15-15-6-geforce-rtx-5050-laptop-gpu-amd-ryzen-7-260-3-80-5-10-ghz-fhd-16gb-memory-512-gb-nvme-ssd/p/N82E16834156832,AMD Ryzen 7 260(3.80-5.10 GHz),16GB,512GB NVMe,GeForce RTX 5050 Laptop GPU,Cyborg A15 AI B2HWEKG-071US
MSI,"MSI Vector A16 - 16.0"" QHD+ 240Hz GeForce RTX 5070 Ti Laptop GPU - Ryzen 9-8940HX(2.40-5.30 GHz) - 16GB DDR5 Memory - 1TB SSD -  Wi-Fi 7 Windows 11 Home Gaming Laptop(Vector A16 HX A8WHG-048US )","$1,899.00 –",https://www.newegg.com/msi-vector-a16-16-0-geforce-rtx-5070-ti-laptop-gpu-2-40-5-30-ghz-qhd-16gb-8gb-2-ddr5-5600mhz-memory-1tb-nvme-ssd-gen4x4-ssd/p/N82E16834156835,2.40-5.30 GHz,16GB (8GB*2) DDR5 5600MHz,1TB NVMe SSD Gen4x4,GeForce RTX 5070 Ti Laptop GPU,Vector A16 HX A8WHG-048US
MSI,"MSI CROSSHAIR A16 Gaming Laptop - 16"" QHD+ 240hz - AMD Ryzen 9-8940HX - GeForce RTX 5060 - 32GB DDR5 RAM -  1TB SSD (D8WFKG-015US)","$1,579.00 –",https://www.newegg.com/msi-crosshair-a16-hx-16-0-geforce-rtx-5060-laptop-gpu-2-4-5-3ghz-qhd-32gb-memory-1tb-nvme-ssd-gen4x4-ssd/p/N82E16834156876,AMD Ryzen 9 8940HX 2.4-5.3GHz,32GB,1TB NVMe SSD Gen4x4,GeForce RTX 5060 Laptop GPU,Crosshair A16 HX D8WFKG-015US
Hasee,"Hasee T8 Pro-16'' GeForce RTX 5070  Laptop GPU, Intel i7-14700HX-5.5GHz, AI Ready Gaming Laptop, 16GB DDR5 RAM, 1TB SSD, 16'' 180Hz QHD 100%sRGB IPS, RGB KB, WiFi7,BT5.4,Win11 Home","$1,319.99 –",https://www.newegg.com/hasee-t8pro-16-0-geforce-rtx-5070-laptop-gpu-i7-14700hx-qhd-16gb-memory-1-tb-ssd/p/2WC-004U-00058,Intel Core i7-14700HX,16GB,1TB,GeForce RTX 5070 Laptop GPU,T8Pro-T9 74618QX
ASUS,"ASUS TUF Gaming A16 - 16"" FHD+ 165 Hz - AMD Ryzen 7 260 - GeForce RTX 5060 Laptop GPU - 16GB DDR5 RAM - 512GB SSD - Windows 11 Home  (FA608UM-NS73)","$1,449.99 –",https://www.newegg.com/asus-tuf-gaming-a16-16-geforce-rtx-5060-laptop-gpu-amd-ryzen-7-260-fhd-16gb-memory-512-gb-nvme-ssd/p/N82E16834236637,AMD Ryzen 7 260,16GB,512GB NVMe,GeForce RTX 5060 Laptop GPU,FA608UM-NS73
ASUS,"ASUS TUF Gaming - 18"" WQXGA 240 Hz - AMD Ryzen 7 260 - GeForce RTX 5070 Laptop GPU - 16GB (8GBx2) Memory DDR5 5600 - 1TB PCIe SSD - Windows 11 Home  (FA808UP-NS74)","$1,799.99 –",https://www.newegg.com/asus-tuf-gaming-18-geforce-rtx-5070-laptop-gpu-amd-ryzen-7-260-wqxga-16gb-memory-1-tb-pcie-ssd/p/N82E16834236631,AMD Ryzen 7 260,16GB (8GBx2),1TB PCIe,GeForce RTX 5070 Laptop GPU,FA808UP-NS74
Lenovo,"Lenovo Legion 5i - 15.1"" GeForce RTX 5060 Laptop GPU - Intel Core i7-14700HX - 16GB Memory - 512GB SSD - 165Hz OLED Display - Windows 11 Home Gaming Laptop (83LY000LUS)","$1,299.99 –",https://www.newegg.com/lenovo-legion-5i-15-1-geforce-rtx-5060-laptop-gpu-intel-core-i7-14700hx-wqxga-16gb-memory-512gb-ssd-m-2-2242-pcie-4-0x4-nvme-ssd/p/N82E16834840673,Intel Core i7-14700HX,16GB,512GB SSD M.2 2242 PCIe 4.0x4 NVMe,GeForce RTX 5060 Laptop GPU,83LY000LUS
ASUS,"ASUS TUF Gaming A16 - 16"" WQXGA 165 Hz - AMD Ryzen 7 260 - GeForce RTX 5060 Laptop GPU - 32GB Memory DDR5 5600 - 1TB PCIe SSD - Windows 11 Home  (FA608UM-NS76)","$1,799.99 –",https://www.newegg.com/asus-tuf-gaming-a16-16-geforce-rtx-5060-laptop-gpu-amd-ryzen-7-260-wqxga-32gb-memory-1-tb-pcie-ssd/p/N82E16834236636,AMD Ryzen 7 260,32GB,1TB PCIe,GeForce RTX 5060 Laptop GPU,FA608UM-NS76
ASUS,"ASUS ROG Strix G18 (2025) Gaming Laptop, 18” ROG FHD+ 16:10 144Hz, NVIDIA GeForce RTX™ 5050, AMD Ryzen 9 8940HX, 16GB DDR5-5200Mhz, 1TB PCIe Gen 4 SSD, Wi-Fi 6E, Windows 11 Home (G814PH-ES94 )","$1,599.00 –",https://www.newegg.com/asus-rog-strix-g18-18-0-geforce-rtx-5050-laptop-gpu-amd-ryzen-9-8940hx-wuxga-16gb-memory-1tb-pcie-gen-4-ssd-ssd/p/N82E16834236648,AMD Ryzen 9 8940HX,,,GeForce RTX 5050 Laptop GPU,G814PH-ES94
ACEMAGIC,"ACEMAGIC Gaming Laptop 15.6-in AMD Ryzen 7 5700U(8C/16T), Radeon RX Vega 8 Graphics,15.6 FHD Display,16GB RAM 512GB NVMe SSD Laptop Computer with Backlit KB,Type_C (Full Function),WiFi 6, 53Wh Battery",$477.00 –,https://www.newegg.com/acemagic-15-6-amd-radeon-graphics-2-0ghz-amd-5825u-16gb-memory-512gb-ssd/p/2WC-007J-00006,AMD 5825U,16GB,,AMD Radeon™ Graphics 2.0GHZ,LX15PRO5825u19
MSI,"MSI Stealth 14 AI 14""  Ultra Thin and Light Gaming Laptop -  Intel Core Ultra 7 155H - NVIDIA GeForce RTX 4050 - 16GB DDR5 RAM - 1TB NVMe SSD -  Win 11 Pro (A1VEG-090US)","$1,069.00 –",https://www.newegg.com/msi-14-0-non-touch-screen-geforce-rtx-4050/p/1TS-0016-05C48,Intel Core Ultra 7 155H(1.4-4.8 GHz),8GB*2,1TB NVMe SSD Gen4x4,GeForce RTX 4050,Stealth 14 AI Studio A1VEG-090US
ASUS,ASUS TUF F16 Gaming Laptop - 16” FHD+ 165Hz Display - Intel Core i7 Processor 14650HX - NVIDIA GeForce RTX 5050 - 16GB DDR5 - 512GB PCIe Gen4 SSD (FX608JHR-ES73 ),"$1,249.99 –",https://www.newegg.com/asus-tuf-gaming-f16-16-0-geforce-rtx-5050-laptop-gpu-2-2-ghz-up-to-5-2ghz-fhd-512gb-pcie-gen4-ssd-ssd/p/N82E16834236647,"2.2 GHz, up to 5.2GHz",16GB DDR5,512GB PCIe Gen4 SSD,GeForce RTX 5050 Laptop GPU,FX608JHR-ES73
Acer,"Acer Nitro V15 Gaming Laptop - Intel Core i7-13620H -  Nvidia GeForce RTX 5050 GPU - 16GB RAM - 512GB SSD - 15.6"" 165Hz IPS Display - Windows 11 Home (ANV15-52-778V)","$1,049.99 –",https://www.newegg.com/acer-america/p/N82E16834360405,Up to 4.90 GHz,16GB,512GB PCIe,GeForce RTX 5050 Laptop GPU,NH.U1PAA.003
MSI,"MSI Raider - 18"" 120 Hz - Intel Core Ultra 9 285HX - GeForce RTX 5090 Laptop GPU - 64GB DDR5 6400MHz Memory DDR5 6400 - 2TB SSD - Windows 11 Pro  (Raider 18 HX AI A2XWJG-069US)","$4,367.99 –",https://www.newegg.com/msi-18-geforce-rtx-5090-laptop-gpu-intel-core-ultra-9-285hx-64gb-ddr5-6400mhz-memory-2-tb-ssd/p/N82E16834156730,Intel Core Ultra 9 285HX,64GB DDR5 6400MHz,2TB,GeForce RTX 5090 Laptop GPU,Raider 18 HX AI A2XWJG-069US
NIAKUN,"NIAKUN 2026 Laptop Computer 15.6"" FHD IPS, 16GB RAM 512GB SSD, 2-Core i5-6200U up to 2.8GHz, Win 11 Pro, 3.5 lbs, Backlit Keyboard, Silver, Dual USB 3.0, Mini HDMI,TF Card Slot, Wi-Fi, BT 4.2",$459.99 –,https://www.newegg.com/niakun-15-6-inches-lcd-core-i5-6200u-core-i5-6200u-16gb-memory-512gb-ssd-512-gb-hdd-silver/p/1TS-00U5-00012?Item=9SIC655KVD5136&cm_sp=SP-_-3239047-_-0-_-0-_-9SIC655KVD5136-_-laptop-_-laptop-_-3,Core i5 6200U,16GB,512GB,Core i5-6200U,WL-0DNR-QWQA
NIAKUN,"NIAKUN 2026 Laptop Computer 15.6"" FHD IPS, 16GB RAM 1TB SSD, 2-Core i5-6200U up to 2.8GHz, Win 11 Pro, 3.5 lbs, Backlit Keyboard, Silver, Dual USB 3.0, Mini HDMI,TF Card Slot, Wi-Fi, BT 4.2",$485.99 –,https://www.newegg.com/niakun-6200u-16gb-1tb-15-6-inches-lcd-core-i5-6200u-core-i5-6200u-16gb-memory-1tb-ssd-silver/p/36B-002S-00002?Item=9SIC655KVD5094&cm_sp=SP-_-3239047-_-0-_-0-_-9SIC655KVD5094-_-laptop-_-laptop-_-4,Core i5 6200U,16GB,1TB,Core i5-6200U,6200-16-1T
MSI,"MSI Cyborg A15 - 15.6"" FHD 144Hz - AMD Ryzen9 270 - GeForce RTX 5060 - 16GB Memory - 1TB NVMe SSD - Win11 Gaming Laptop (B2HWFKG-006US)","$1,399.99 –",https://www.newegg.com/msi-cyborg-a15-ai-15-6-geforce-rtx-5060-laptop-gpu-amd-ryzen-9-270-16gb-memory-1tb-nvme-ssd-gen4x4-ssd/p/N82E16834156877,AMD Ryzen 9 270,16GB,1TB NVMe SSD Gen4x4,GeForce RTX 5060 Laptop GPU,Cyborg A15 AI B2HWFKG-006US
MSI,"MSI Stealth - 18"" GeForce RTX 5090 Laptop GPU - Intel Core Ultra 9 275HX - 64GB Memory - 2 TB SSD - Wi-Fi 7 Windows 11 Pro Gaming Laptop - 120 Hz (Stealth 18 HX AI A2XWJG-035US )","$4,388.20 –",https://www.newegg.com/msi-18-geforce-rtx-5090-laptop-gpu-intel-core-ultra-9-275hx-64gb-memory-2-tb-ssd/p/N82E16834156741,Intel Core Ultra 9 275HX,64GB,2TB,GeForce RTX 5090 Laptop GPU,Stealth 18 HX AI A2XWJG-035US
ACEMAGIC,"ACEMAGIC Laptop Computer, 16GB DDR4 512GB SSD, 18.5 Inch Laptop with Intel Quad-Core N150(Up to 3.6GHz), Metal Shell, BT5.0, 5G WiFi, USB3.2, Type_C, Webcam, Long Battery Life, 180° Open Angle",$339.00 –,https://www.newegg.com/acemagic-intel-n150-grey/p/1TS-00NN-00010,Intel n150,16GB,512GB,,ax18
MSI,"MSI - 16"" GeForce RTX 5070 Ti Laptop GPU - Intel Core Ultra 9 275HX - 32GB Memory - 2 TB SSD -Wi-Fi 7 Windows 11 Pro Gaming Laptop - 240 Hz (Vector 16 HX AI A2XWHG-060US )","$2,749.99 –",https://www.newegg.com/msi-16-geforce-rtx-5070-ti-laptop-gpu-intel-core-ultra-9-275hx-32gb-memory-2-tb-ssd/p/N82E16834156739,Intel Core Ultra 9 275HX,32GB,2TB,GeForce RTX 5070 Ti Laptop GPU,Vector 16 HX AI A2XWHG-060US
Refurbished,"Refurbished Dell Latitude 7490 14"" Laptop, Intel Core i7 8650U 1.9Ghz, 32GB DDR4, 512GB M.2 NVMe PCIe SSD, FHD 1080p, Thunderbolt 3, HDMI, Webcam, Windows 11 Pro",$323.00 –,https://www.newegg.com/dell-latitude-14-0-fhd-non-touch-screen-intel-core-i7-8650u-intel-uhd-graphics-620-32gb-memory-512-gb-pcie-ssd-black/p/1TS-000A-0TCB0?Item=9SIADFMJAE2370&cm_sp=SP-_-2463110-_-0-_-0-_-9SIADFMJAE2370-_-laptop-_-laptop-_-9,Intel Core i7-8650U,32GB,512GB PCIe,Intel UHD Graphics 620,DPC-18374
MSI,"MSI Vector - 18"" GeForce RTX 5080 Laptop GPU - AMD Ryzen 9 9955HX - 64GB Memory - 2 TB SSD - Wi-Fi 7 Windows 11 Pro Gaming Laptop - 240 Hz IPS (Vector A18 HX A9WIG-076US )","$3,599.99 –",https://www.newegg.com/msi-18-geforce-rtx-5080-laptop-gpu-amd-ryzen-9-9955hx-64gb-memory-2-tb-ssd/p/N82E16834156734,AMD Ryzen 9 9955HX,64GB,2TB,GeForce RTX 5080 Laptop GPU,Vector A18 HX A9WIG-076US
Microsoft,"Microsoft Surface Laptop 7 13.8"" Touchscreen Notebook - Qualcomm Snapdragon X Elite - 32 GB - 1 TB SSD - Graphite - Windows 11  - Front Camera/Webcam - 20 Hours Battery Run Time   ZHB-00001","$2,666.99 –",https://www.newegg.com/microsoft-surface-laptop-7-13-8-touch-screen-qualcomm-snapdragon-x-elite-32gb-memory-1-tb-ssd-graphite/p/N82E16834820052,Qualcomm Snapdragon X Elite,32GB LPDDR5X,1TB,,ZHB-00001
Refurbished,"Refurbished Dell Latitude 7490 Core i7-8650U 1.90GHz 32GB RAM 512GB SSD 14"" Laptop Grade B Windows 11 Pro",$257.97 –,https://www.newegg.com/dell-14-0-intel-core-i7-8650u-32gb-memory-512gb-hdd/p/1TS-000A-0TH73?Item=9SIADFMJAE2364&cm_sp=SP-_-2463110-_-0-_-0-_-9SIADFMJAE2364-_-laptop-_-laptop-_-12,Intel Core i7-8650U,32GB,,,DELL-7490-32-32GB-512-SGGB-512GB-Ea
Lenovo,"Lenovo Legion 5i - 15.1"" WQXGA 165 Hz - Intel Core i7-14700HX - GeForce RTX 5060 Laptop GPU - 16GB Memory - 1.5TB SSD - Windows 11 Home  ()","$1,489.00 –",https://www.newegg.com/lenovo-legion-5i-15-1-geforce-rtx-5060-laptop-gpu-intel-core-i7-14700hx-wqxga-16gb-memory-1-5-tb-ssd/p/N82E16834840695,Intel Core i7-14700HX,16GB,1.5TB,GeForce RTX 5060 Laptop GPU,83LY000LUS
Refurbished,"Refurbished Dell Latitude 7490 14"" Laptop, Intel Core i7 8650U 1.9Ghz, 8GB DDR4, 128GB M.2 SSD, FHD 1080p, Thunderbolt 3, HDMI, Webcam, Windows 11 Pro",$219.00 –,https://www.newegg.com/dell-latitude-14-0-fhd-non-touch-screen-intel-core-i7-8650u-intel-uhd-graphics-620-8gb-memory-128-gb-ssd-black/p/1TS-000A-0TDG6?Item=9SIADFMJAE2351&cm_sp=SP-_-2463110-_-0-_-0-_-9SIADFMJAE2351-_-laptop-_-laptop-_-14,Intel Core i7-8650U,8GB,128GB,Intel UHD Graphics 620,DPC-16256a
Refurbished,"Refurbished Dell Latitude 7490 Core i7-8650U 1.90GHz 32GB RAM 512GB M.2 14"" Laptop Condition Excellent Windows 11 Pro",$386.00 –,https://www.newegg.com/dell-14-0-intel-core-i7-8650u-32gb-memory-512-gb-ssd-512gb-hdd/p/1TS-000A-0TH77?Item=9SIADFMJAE2367&cm_sp=SP-_-2463110-_-0-_-0-_-9SIADFMJAE2367-_-laptop-_-laptop-_-15,Intel Core i7-8650U,32GB,512GB,,DELL-7490-I78650U-32a
MSI,MSI CYBRG15B2071 15 inch Cyborg Gaming Laptop - Intel Core 7-240H - NVIDIA RTX 5060 - 16GB RAM / 512GB SSD,"$1,119.99 –",https://www.newegg.com/msi-15-0/p/1TS-0016-05F44,,,,,CYBORG15B2071
OMEN,"OMEN MAX Gaming Laptop 16"" WQXGA Intel Core Ultra 9 32 GB memory;1 TB SSD","$2,799.99 –",https://www.newegg.com/hp-16-0-intel-core-ultra-9-275hx-geforce-rtx-5080-laptop-gpu-32gb-memory-1-tb-pcie-ssd/p/2NR-000A-01NW8,,,,,B64BNUA#ABA
ASUS,"ASUS ROG Strix G18 - 18"" WQXGA 240 Hz - AMD Ryzen 9 8940HX - GeForce RTX 5060 Laptop GPU - 32GB Memory DDR5 5200 - 1TB PCIe SSD - Windows 11 Home  (90NR0L28-M000A0 )","$1,899.99 –",https://www.newegg.com/asus-rog-strix-g18-18-geforce-rtx-5060-laptop-gpu-amd-ryzen-9-8940hx-wqxga-32gb-memory-1-tb-pcie-ssd/p/N82E16834236639,AMD Ryzen 9 8940HX,,,GeForce RTX 5060 Laptop GPU,G814PM-ES96
Lenovo,"Lenovo V-Series V15 Business Laptop, 15.6"" FHD Display, AMD Ryzen 7 7730U, 16GB RAM, 512GB SSD, Numeric Keypad, HDMI, RJ45, Webcam, Wi-Fi, Windows 11 Pro, Black",$599.99 –,https://www.newegg.com/lenovo-v15-15-6-non-touch-screen-amd-radeon-graphics-512-gb-pcie-ssd-black/p/1TS-000E-1BYD4,4.50GHz,16GB,512GB PCIe,,V-SERIES3991_CTO_N1-A
ASUS,"ASUS ROG Strix G18 (2025) - 18"" FHD 144 Hz - AMD Ryzen 9 9955HX - GeForce RTX 5060 Laptop GPU - 16GB Memory DDR5 5600 - 2TB PCIe SSD - Windows 11 Home  (G814FM-DS95 )","$1,899.00 –",https://www.newegg.com/asus-rog-strix-g18-18-geforce-rtx-5060-laptop-gpu-amd-ryzen-9-9955hx-fhd-16gb-memory-2-tb-pcie-ssd/p/N82E16834236638,AMD Ryzen 9 9955HX,,,GeForce RTX 5060 Laptop GPU,G814FM-DS95
Lenovo,"Lenovo ThinkBook 15 Gen 4 Business Laptop (15.6"" IPS FHD Touchscreen, Intel 10-Core i7-1255U, 16GB RAM, 512GB SSD), FHD Webcam, Narrow Bezel, Backlit, Fingerprint, Thunderbolt 4, Win 11 Pro, Grey","$1,099.99 –",https://www.newegg.com/lenovo-15-6/p/1TS-000E-1CEJ2?Item=9SIADG3KF53524&cm_sp=SP-_-3004522-_-0-_-6-_-9SIADG3KF53524-_-laptop-_-laptop-_-21,,,,,ThinkBook 15 Gen 4 i7 16GB 512GB Touch
Refurbished,"Refurbished Lenovo ThinkPad T14 Gen 5 Model 21MMS1SK00 14"" Non-Touch, Core Ultra 7 165U, 16GB, 512GB SSD, 4G LTE, Win 11 Pro","$1,099.99 –",https://www.newegg.com/lenovo-t14-gen-5-14-0-intel-core-ultra-7-165u-16gb-ddr5-memory-512gb-nvme-ssd-black/p/1TS-000E-1E0B7?Item=9SIAHKVKSV3359&cm_sp=SP-_-2583359-_-0-_-6-_-9SIAHKVKSV3359-_-laptop-_-laptop-_-22,Intel Core Ultra 7 165U,16GB DDR5,512GB NVMe,,21MMS1SK00
Lenovo,"Lenovo Legion 7i Gen 10 Intel Laptop, 16"",Intel Core Ultra 9 275HX,32GB,NVIDIA® GeForce RTX 5070 Laptop GPU 8GB GDDR7, 2TB SSD,Win 11 Home, For Gaming","$2,099.00 –",https://www.newegg.com/lenovo-nvidia-geforce/p/1XV-0001-02T65,Intel Core Ultra 9 275HX,32GB,2TB,GeForce RTX 5070 Laptop GPU,83KY0002US
MSI,"MSI Stealth 16 AI - 16"" - GeForce RTX 5060 Laptop GPU - Intel Core Ultra7-255H - 32GB DDR5 - 1TB NVMe SSD - 240 Hz OLED Display  - Win 11 Home (Stealth 16 AI A2HWFG-041US )","$1,724.00 –",https://www.newegg.com/msi-stealth-16-ai-16-geforce-rtx-5060-laptop-gpu-intel-core-ultra-7-255h-qhd-16gb-2-memory-1-tb-nvme-ssd/p/N82E16834156800,Intel Core Ultra 7 255H,16GB * 2,1TB NVMe,GeForce RTX 5060 Laptop GPU,Stealth 16 AI A2HWFG-041US
MSI,"MSI Raider - 18"" GeForce RTX 5080 Laptop GPU - AMD Ryzen 9 9955HX3D - 32GB DDR5 5600MHz Memory - 2 TB SSD - Wi-Fi 7 Windows 11 Pro Gaming Laptop - 120 Hz Mini LED (Raider A18 HX A9WIG-082US )","$3,434.99 –",https://www.newegg.com/msi-18-geforce-rtx-5080-laptop-gpu-amd-ryzen-9-9955hx3d-64gb-ddr5-5600mhz-memory-2-tb-ssd/p/N82E16834156733,AMD Ryzen 9 9955HX3D,32GB DDR5 5600MHz,2TB,GeForce RTX 5080 Laptop GPU,Raider A18 HX A9WIG-082US
GIGABYTE,"GIGABYTE GAMING A16 - 16"" NVIDIA GeForce RTX 5070 Laptop GPU - Intel i7-13620H - 16GB Memory - 1TB SSD - 165Hz IPS Display - Windows 11 Home Gaming Laptop (CWHI3US894SH)","$1,499.99 –",https://www.newegg.com/gigabyte-16-0-geforce-rtx-5070-laptop-gpu-intel-core-i7-13620h-wuxga-16gb-memory-1-tb-ssd/p/N82E16834233617,Intel Core i7-13620H,16GB,1TB,GeForce RTX 5070 Laptop GPU,A16 CWHI3US894SH
Refurbished,"Refurbished Lenovo ThinkPad T14 Gen 5 Model 21MMS1SL00 14"" Non-Touch, Core Ultra 7 165U, 32GB, 512GB SSD, 4G LTE, Win 11 Pro","$1,249.99 –",https://www.newegg.com/lenovo-t14-gen5-14-0-intel-core-ultra-7-165u-32gb-ddr5-memory-512gb-nvme-ssd-black/p/1TS-000E-1E0B2?Item=9SIAHKVKSV3129&cm_sp=SP-_-2583359-_-0-_-6-_-9SIAHKVKSV3129-_-laptop-_-laptop-_-27,Intel Core Ultra 7 165U,32GB DDR5,512GB NVMe,,21MMS1SL00
MSI,"MSI Vector - 16"" GeForce RTX 5080 Laptop GPU - Intel Core Ultra 9 275HX - 32GB Memory - 2 TB SSD - Wi-Fi 7 Windows 11 Pro Gaming Laptop - 240 Hz (Vector 16 HX AI A2XWIG-058US )","$2,999.00 –",https://www.newegg.com/msi-16-geforce-rtx-5080-laptop-gpu-intel-core-ultra-9-275hx-32gb-memory-2-tb-ssd/p/N82E16834156736,Intel Core Ultra 9 275HX,32GB,2TB,GeForce RTX 5080 Laptop GPU,Vector 16 HX AI A2XWIG-058US
ASUS,"ASUS ROG Strix Scar - 18"" GeForce RTX 5080 Laptop GPU - Intel Core Ultra 9 275HX - 32GB Memory - 2 TB PCIe SSD - Wi-Fi 7 Windows 11 Pro GAMING LAPTOP - 240 Hz (G835LW-XS97 )","$3,399.00 –",https://www.newegg.com/asus-rog-strix-18-geforce-rtx-5080-laptop-gpu-intel-core-ultra-9-275hx-wqxga-32gb-memory-2-tb-pcie-ssd/p/N82E16834236577,Intel Core Ultra 9 275HX,32GB,2TB PCIe,GeForce RTX 5080 Laptop GPU,G835LW-XS97
ACEMAGIC,"ACEMAGIC Laptop 17.3 FHD Laptop, AMD Ryzen 3 4300U, 16GB RAM, 512GB SSD, Windows 11 Pro, Graphite, WiFi 6, Gray",$379.00 –,https://www.newegg.com/acemagic-17-3/p/36B-002D-00002,AMD Ryzen 3 4300U,16GB,512GB,AMD,ax17pro
GIGABYTE,GIGABYTE - GAMING A16 PRO Gaming Laptop - 165Hz 2560x1600 WQXGA - NVIDIA GeForce RTX 5080 - Intel Core 7 240H - 1TB SSD with 32GB LPDDR5X RAM - Windows 11 Home (GAMING A16 PRO DYHG5USCC4SH),"$2,440.99 –",https://www.newegg.com/gigabyte-16-0-geforce-rtx-5080-laptop-gpu-intel-core-7-240h-wqxga-16gb-x-2-memory-1tb-pcie-gen4x4-nvme-m-2-ssd-ssd/p/N82E16834233637,Intel Core 7 240H,16GB x 2,1TB PCIe Gen4x4 NVMe™ M.2 SSD,GeForce RTX 5080 Laptop GPU,GAMING A16 PRO DYHG5USCC4SH
GIGABYTE,GIGABYTE AORUS MASTER 16 Gaming Laptop - Intel Core Ultra 9 275HX - NVIDIA GeForce RTX 5090 - 32GB DDR5 RAM - 2TB SSD - 240Hz 2560x1600 OLED - Windows 11 Home AD,"$3,499.00 –",https://www.newegg.com/aorus-16-geforce-rtx-5090-laptop-gpu-intel-core-ultra-9-275hx-wqxga-32gb-memory-2-tb-ssd/p/N82E16834233610,Intel Core Ultra 9 275HX,32GB,2TB,GeForce RTX 5090 Laptop GPU,AORUS MASTER 16 BZHC6USE65SH
ASUS,"ASUS ROG Strix Scar - 18"" GeForce RTX 5070 Ti Laptop GPU - Intel Core Ultra 9 275HX - 32GB Memory - 1 TB PCIe SSD - Windows 11 Pro GAMING LAPTOP - 240 Hz (G835LR-XS96 )","$2,699.99 –",https://www.newegg.com/asus-rog-strix-18-geforce-rtx-5070-ti-laptop-gpu-intel-core-ultra-9-275hx-wqxga-32gb-memory-1-tb-pcie-ssd/p/N82E16834236576,Intel Core Ultra 9 275HX,32GB,1TB PCIe,GeForce RTX 5070 Ti Laptop GPU,90NR0LS1-M003K0
KurieTim,"KurieTim Student Laptop Computer, 14.1"" 2K FHD IPS Display, 4C/4T Intel Celeron N5105 Processor, 16GB RAM/ 512GB SSD, Windows 11 Laptop with Fingerprint Reader, Backlit KB, Type-C, Webcam Switch, Pink",$239.99 –,https://www.newegg.com/kurietim-t140j-n5105-14-1-2k-non-touch-screen-intel-celeron-n5105-intel-uhd-graphics-16gb-memory-512-gb-ssd-pink/p/1TS-00NP-00013,Intel Celeron N5105,16GB,512GB,Intel UHD Graphics,T140J-N5105-16-512GB
Auusda,"Auusda EXSURF 15.6"" Student Laptop, AMD Athlon 3050e 16GB RAM 512GB SSD, Fingerprint Unlock & Backlit Keyboard, Windows 11 Pro Computer, TYPE-C, Pink",$339.99 –,https://www.newegg.com/exsurf-15-6-amd-athlon-silver-3050e-processor-4m-cache-up-to-2-8ghz-amd-radeon-rx-vega-3-16gb-memory-512gb-nvme-ssd/p/1TS-00TY-00009,"AMD Athlon Silver 3050e Processor 4M Cache, up to 2.8GHz",16GB,512GB NVMe,AMD Radeon RX Vega 3,T156A-3050E-16+512GBpink
ASUS,"ASUS Vivobook S 14 Copilot+ PC 14"" WUXGA OLED Windows Laptop Intel Core Ultra 7 AI PC Intel Evo 32GB RAM 1TB SSD Black",$969.00 –,https://www.newegg.com/asus-14-0/p/1TS-001A-0B1M5,,,,,S5406SA-WH79
Lenovo,"Lenovo ThinkPad T16 Gen 2 Business Laptop (16"" FHD+ Anti-glare, Intel 10-Core i7-1355U, 32GB DDR5 RAM, 1TB SSD), Fingerprint Reader, 1080p Webcam, Ethernet, Wi-Fi 6E, Win 11 Pro w/ AI Copilot, Black","$1,499.99 –",https://www.newegg.com/lenovo-thinkpad-t16-16-0-lcd-non-touch-screen-32gb-memory-1-tb-ssd/p/36B-000D-00F04,,32GB,1TB,,21HHS1C600 32 1
Dell,"Dell Latitude 5550 Business Laptop (15.6"" FHD Anti-Glare, Intel 12-Core Ultra 5 125U (Beat i7-1355U), 32GB DDR5 RAM, 1TB SSD) Backlit, FHD RGB Webcam, Thunderbolt 4, Ethernet, Win 11 Pro, 2025 AI PC","$1,399.99 –",https://www.newegg.com/dell-latitude-15-6-fhd-non-touch-screen-intel-core-ultra-5-125u-intel-graphics-32gb-memory-1-tb-nvme-ssd-gray/p/36B-0006-006B0,Intel Core Ultra 5 125U,32GB,1TB NVMe,Intel Graphics,Dell Latitude 5550 U5 32GB 1TB
ASUS,"ASUS TUF A16 RTX 5060 Gaming Laptop, 16"" FHD+ 165Hz Display, AMD Ryzen 7 260, NVIDIA RTX 5060, 64GB DDR5 RAM, 2TB SSD, RGB Backlit KB, RJ-45, Wi-Fi 6, Windows 11 Pro, Grey","$2,139.00 –",https://www.newegg.com/asus-16-0-wuxga-no-64gb-memory-gray/p/1TS-001A-0BN44,,64GB,,,TUFA160573-I_CTO_N1
ACEMAGIC,"ACEMAGIC Gaming Laptop 15.6-in AMD Ryzen 7 5825U(8C/16T), Radeon RX Vega 8 Graphics,15.6 FHD Display,16GB RAM 512GB NVMe SSD Laptop Computer with Backlit KB,Type_C (Full Function),WiFi 6, 53Wh Battery",$539.00 –,https://www.newegg.com/acemagic-15-6/p/2WC-007J-00005,AMD 5825u,16GB,512GB,amd,lx15Pro5825u
ASUS,"ASUS ROG Strix Scar - 18"" GeForce RTX 5090 Laptop GPU - Intel Core Ultra 9 275HX - 32GB Memory - 2 TB PCIe SSD - Wi-Fi 7 Windows 11 Pro GAMING LAPTOP - 240 Hz (G835LX-XS97 )","$4,499.00 –",https://www.newegg.com/asus-rog-strix-18-geforce-rtx-5090-laptop-gpu-intel-core-ultra-9-275hx-wqxga-32gb-memory-2-tb-pcie-ssd/p/N82E16834236578,Intel Core Ultra 9 275HX,32GB,2TB PCIe,GeForce RTX 5090 Laptop GPU,90NR0LF1-M00720
HP,"HP OmniBook 7 Flip (Envy Next Branded) 16"" 2-in-1 Business Laptop, FHD+Touchscreen, Intel Core Ultra 7 258V, 32GB Onboard RAM, 2TB SSD, Wi-Fi 7, Active Pen, Win11 Home, Silver","$1,079.00 –",https://www.newegg.com/hp-omnibook-fhd-touch-screen-intel-core-ultra-7-258v-intel-uhd-graphics-32gb-memory-2tb-nvme-ssd-silver/p/1XV-000B-02PA8,Intel Core Ultra 7 258V,32GB,2TB NVMe,Intel UHD Graphics,OMNIBOOK4713-A_CTO_N1
Lenovo,"Lenovo ThinkPad E16 Gen 3 Business AI PC Laptop (16"" FHD+ Anti-Glare, Intel 16-Core Ultra 7 255H (> i9-13900H), 32GB DDR5 RAM, 1TB SSD) Thunderbolt 4, 5MP Webcam, Fingerprint, Win 11 Pro, 2025","$1,599.99 –",https://www.newegg.com/lenovo-thinkpad-16-0-wuxga-touch-screen-intel-core-ultra-7-255h-intel-arc-graphics-32gb-memory-1-tb-nvme-ssd-black/p/36B-000D-00MF3,Intel Core Ultra 7 255H,32GB,1TB NVMe,Intel Arc Graphics,ThinkPad E16 G3 U7 32 1
ASUS,"ASUS ROG Strix G18 - 18.0"" GeForce RTX 5070 Laptop GPU - AMD Ryzen 9 8940HX - 16GB Memory - 1 TB PCIe SSD - Windows 11 Home Gaming Laptop - 240 Hz (G814PP-DS94)","$1,799.00 –",https://www.newegg.com/asus-rog-strix-g18-18-0-geforce-rtx-5070-laptop-gpu-amd-ryzen-9-8940hx-wqxga-16gb-memory-1-tb-pcie-ssd/p/N82E16834236626,AMD Ryzen 9 8940HX,16GB,1TB PCIe,GeForce RTX 5070 Laptop GPU,G814PP-DS94
ASUS,"ASUS TUF A16 RTX 5060 Gaming Laptop, 16"" FHD+ 165Hz Display, AMD Ryzen 7 260, NVIDIA RTX 5060, 32GB DDR5 RAM, 1TB SSD, RGB Backlit KB, RJ-45, Wi-Fi 6, Windows 11 Pro, Grey","$1,739.00 –",https://www.newegg.com/asus-16-0-wuxga-no-32gb-memory-gray/p/1TS-001A-0BN41,,32GB,,,TUFA160573-G_CTO_N1
MSI,"MSI Stealth A16 - 16.0"" OLED 240 Hz - GeForce RTX 5070 Ti Laptop GPU - AMD Ryzen AI 9 HX 370 - 32GB Memory - 2TB NVMe SSD SSD - Wi-Fi 7 Windows 11 Pro Gaming Laptop (A3XWHG-079US )","$2,857.69 –",https://www.newegg.com/msi-stealth-a16-ai-16-0-geforce-rtx-5070-ti-laptop-gpu-amd-ryzen-ai-9-hx-370-qhd-32gb-memory-2tb-nvme-ssd-ssd/p/N82E16834156788,AMD Ryzen AI 9 HX 370,32GB,2TB NVMe SSD,GeForce RTX 5070 Ti Laptop GPU,Stealth A16 AI+ A3XWHG-079US
MSI,"MSI Katana 15 HX 15.6"" QHD 2560x1440 165Hz Gaming Laptop, Intel Core i7-14650HX, NVIDIA GeForce RTX 5070 Laptop GPU, 32GB DDR5, 1TB NVMe SSD, Windows 11 Home (Katana 15 HX B14WGK-248CA)","$1,799.00 –",https://www.newegg.com/msi-15-6-geforce-rtx-5070-laptop-gpu-intel-core-i7-14650hx-qhd-32gb-memory-1-tb-nvme-ssd/p/N82E16834156814,Intel Core i7-14650HX,32GB,1TB NVMe,GeForce RTX 5070 Laptop GPU,Katana 15 HX B14WGK-248CA
KurieTim,"KurieTim Laptop Computer, 16GB DDR4 RAM, 512GB SSD, Intel N95 CPU(up to 3.4 GHz), Work Laptop 15.6"" FHD IPS Screen, Windows 11 Pro Notebooks, Mini HDMI, USB3.0x2, Backlit Keyboard",$289.99 –,https://www.newegg.com/kurietim-n95-series-15-6-fhd-intel-n95-intel-uhd-graphics-32gb-memory-512-gb-ssd-silver/p/1TS-00NP-00006,Intel N95(up to 3.4GHz),32GB,512GB,Intel UHD Graphics,16GB-512GB-notebook
HP,"HP 15.6"" Full HD TouchScreen Laptop|13th Gen Intel Core i7-1355U|32GB DDR4|1TB SSD|Intel Iris Xe Graphics|Wifi-6| Windows 11 Pro|Silver",$899.99 –,https://www.newegg.com/hp-hd-15-6-full-hd-touchscreen-display-yes-intel-iris-xe-graphics-32gb-memory-1-tb-ssd-silver/p/1TS-000D-1RKV4,,32GB,1TB,Intel Iris Xe Graphics,HP13i7161TBSDNOSD
Lenovo,"Lenovo ThinkPad E16, 16"" FHD+ Touchscreen, AMD Ryzen 7 7735U, 32GB DDR5, 1TB SSD, HDMI, Fingerprint, Backlit KB, Webcam, Type-C, Wi-Fi 6, Windows 11 Pro, Black, Laptop for Business & Home, w/Bundle","$1,119.00 –",https://www.newegg.com/lenovo-thinkpad-16-0-fhd-touch-screen-amd-ryzen-7-7735u-amd-radeon-680m-32gb-ddr5-memory-1tb-pcie-ssd-black/p/1TS-000E-1E5C2,AMD Ryzen 7 7735U,32GB DDR5,1TB PCIe,AMD Radeon 680M,E162190-C_CTO_NBU2
Lenovo,"Lenovo ThinkPad X1 Carbon Gen 13 Aura Edition AI PC Laptop (14"" FHD+ Touchscreen, Intel Core Ultra 7 255U, 32GB 8400MT/s RAM, 1TB SSD, (>i7-1355U)), Thunderbolt 4, Backlit, FP, IR Webcam, Win 11 Pro","$1,899.99 –",https://www.newegg.com/lenovo-thinkpad-14-0-wuxga-touch-screen-intel-core-ultra-7-255u-intel-graphics-32gb-memory-1-tb-nvme-ssd-black/p/36B-000D-00MF2,Intel Core Ultra 7 255U,32GB,1TB NVMe,Intel Graphics,ThinkPad X1 Carbon G13 Touch U7 32 1
ASUS,"ASUS VivoBook 16"" Copilot+ PC Laptop AMD Ryzen AI 5 340 16GB Memory 512 GB NVMe SSD AMD Radeon 840M Windows 11 Home M1607KA-DS54",$649.99 –,https://www.newegg.com/asus-vivobook-16-16-wuxga-non-touch-screen-amd-ryzen-ai-5-340-amd-radeon-840m-16gb-memory-512-gb-nvme-ssd-quiet-blue/p/N82E16834236611,AMD Ryzen AI 5 340,16GB,512GB NVMe,,M1607KA-DS54
Microsoft,"Microsoft Surface Laptop Copilot+ PC (7th Edition) 15.0"" Touchscreen Laptop Qualcomm Snapdragon X Elite X1E-78-100 16GB RAM 256 GB SSD Windows 11 Home ZHG-00001","$1,049.00 –",https://www.newegg.com/microsoft-surface-laptop-7th-edition-15-touch-screen-qualcomm-snapdragon-x-elite-qualcomm-adreno-gpu-16-gb-lpddr5x-memory-256-gb-ssd-platinum/p/2S3-000Y-00082,Qualcomm Snapdragon X Elite,16 GB LPDDR5X,256GB,Qualcomm Adreno GPU,ZHG-00001
Dell,"Dell Inspiron 15 Touchscreen Laptop (15.6"" FHD, AMD Ryzen 7 7730U (> Intel i7-1255U), 32GB, 1TB SSD) Business, College Students, Enterprises, Numeric Keypad, Inspiron 3535 3000, Webcam, Win 11 Pro",$766.79 –,https://www.newegg.com/dell-inspiron-15-6-fhd-touch-screen-amd-ryzen-7-7730u-amd-radeon-graphics-32gb-memory-1-tb-nvme-ssd-carbon-black/p/36B-0006-006B3,AMD Ryzen 7 7730U,32GB,1TB NVMe,AMD Radeon Graphics,Dell Inspiron 15 Touch R7 32GB 1TB
Alienware,Alienware 16X Aurora Gaming Laptop - Intel Core Ultra 9 275HX - 32GB - 2TB SSD - NVIDIA GeForce RTX 5070 - Windows 11 Home  LAC16251-9582BLU-PUS,"$2,399.99 –",https://www.newegg.com/dell-alienware-16-0-geforce-rtx-5070-laptop-gpu-wqxga-32gb-memory-2tb-ssd/p/2WC-0009-036U5,Intel Core Ultra 9 275HX,32GB DDR5,2TB,GeForce RTX 5070 Laptop GPU,LAC16251-9582BLU-PUS
KurieTim,"KurieTim 16"" Laptop, AMD Ryzen 3250U(2C/4T, Up to 3.5GHz) Business and Student Laptop, 32GB RAM, 512GB SSD, Windows 11 Pro Laptop Computer, Dual-Band 5G WiFi, Fingerprint Unlock, Backlit Keyboard",$354.99 –,https://www.newegg.com/kurietim-16-0-fhd-non-touch-screen-amd-ryzen-3-3250u-32gb-memory-512-gb-ssd-gray/p/1TS-00NP-00014,AMD Ryzen 3 3250U,32GB,512GB,,T160R-3250U-32-512GB
Acer,Acer Nitro V16 Gaming Laptop - AMD Ryzen 7 260 - NVIDIA GeForce RTX 5070  - 16GB RAM - 1TB SSD  - Windows 11 Home (NH.U10AA.001),"$1,479.99 –",https://www.newegg.com/acer-america-16-0-no-geforce-rtx-5070/p/2S3-0008-006T7,AMD Ryzen 7 260,16GB,1TB NVMe,GeForce RTX 5070 Laptop GPU,NH.U10AA.001
ASUS,"ASUS ROG Strix G16 - 16"" FHD+ 165 Hz - Intel Core i9-14900HX - GeForce RTX 5060 Laptop GPU - 16GB Memory DDR5 5600 - 1TB NVMe SSD - Windows 11 Home  (90NR0LB1-M000N0 )","$1,799.99 –",https://www.newegg.com/asus-rog-strix-g16-16-geforce-rtx-5060-laptop-gpu-intel-core-i9-14900hx-fhd-16gb-memory-1-tb-nvme-ssd/p/N82E16834236640,Intel Core i9-14900HX,16GB,1TB NVMe,GeForce RTX 5060 Laptop GPU,G615JMR-DS94
GIGABYTE,"GIGABYTE - 16"" GeForce RTX 5070 Ti Laptop GPU - Intel Core Ultra 9 275HX - 32GB Memory - 1 TB SSD - Windows 11 Home Advanced Gaming Laptop - 240 Hz OLED (AORUS MASTER 16 BXHC4USE64SH )","$2,599.99 –",https://www.newegg.com/aorus-16-geforce-rtx-5070-ti-laptop-gpu-intel-core-ultra-9-275hx-wqxga-32gb-memory-1-tb-ssd/p/N82E16834233612,Intel Core Ultra 9 275HX,32GB,1TB,GeForce RTX 5070 Ti Laptop GPU,AORUS MASTER 16 BXHC4USE64SH
Lenovo,"Lenovo IdeaPad Slim 3i 15.6"" FHD Touch Laptop, AMD Ryzen 7 5825U, 16GB RAM, 512GB PCIe SSD, Windows 11 Pro, Grey/XTREDURA Flash Drive",$599.79 –,https://www.newegg.com/lenovo-ideapad-15-6-touch-screen-amd-ryzen-7-5825u-16gb-ddr4-memory-512gb-ssd-grey/p/1TS-000E-1E403,AMD Ryzen 7 5825U,16GB DDR4,512GB,,LENOVO5825UUSB15
HP,"HP 14-dq3280nr 14"" Touchscreen Laptop N4500 4GB 64GB eMMC W11Hs C42BPUAABA",$319.99 –,https://www.newegg.com/hp-14-0/p/1TS-000D-1SBF5,,,,,C42BPUA#ABA
Dell,"Dell - 15.6"" 2K Touchscreen Laptop - Intel Core i7 1355U 2023 - 16GB Memory - 512 GB Storage - Carbon Black",$768.00 –,https://www.newegg.com/dell-15-6-touch-screen-16gb-memory-black/p/1TS-000A-15G13,Intel Core i7,16GB,,,LDC15250-7427BLK-PUS
HP,"HP 255 G10 Business Laptop (15.6"" FHD Anti-Glare, AMD Ryzen 7 7730U (> Intel i7-1355U) 16GB RAM, 512GB SSD) for Home, Student, Military Grade, Webcam w/Shutter, Numeric Keypad, Wi-Fi 6, Win 11 Pro",$599.99 –,https://www.newegg.com/hp-255-g10-15-6-fhd-non-touch-screen-amd-ryzen-7-7730u-amd-radeon-graphics-16gb-memory-512-gb-nvme-ssd-black/p/36B-0007-00HX1,AMD Ryzen 7 7730U,16GB,512GB NVMe,AMD Radeon Graphics,HP 255 G10 R7 16GB 512GB
Dell,"Dell Latitude 5550 Business Laptop (15.6"" FHD Touchscreen, Intel 12-Core Ultra 5 135U (> i7-1355U), 32GB DDR5 RAM, 1TB SSD), Backlit, 1080p IR Webcam, 2X Thunderbolt 4, HDMI, Win 11 Pro, 2025 AI PC","$1,399.99 –",https://www.newegg.com/dell-latitude-15-6-fhd-touch-screen-intel-core-ultra-5-135u-intel-graphics-32gb-memory-1-tb-nvme-ssd-gray/p/36B-0006-00BB1,Intel Core Ultra 5 135U,32GB,1TB NVMe,Intel Graphics,Dell Latitude 5550 Touch U5 32GB 1TB
Acer,"Acer Predator Helios Neo 16 AI - 16.0"" GeForce RTX 5070 Ti Laptop GPU - 2.10 GHz - Intel Core Ultra 9 275HX 64GB Memory - 2 TB PCIe SSD - Windows 11 Home Gaming Laptop - 240 Hz IPS (PHN16-73-95NT )","$2,799.99 –",https://www.newegg.com/acer-america-predator-helios-neo-16-ai-16-0-geforce-rtx-5070-ti-laptop-gpu-2-10-ghz-wqxga-64gb-memory-2-tb-pcie-ssd/p/N82E16834360389,2.10 GHz,64GB,2TB PCIe,GeForce RTX 5070 Ti Laptop GPU,NH.U0QAA.001
MSI,"MSI Stealth A16  - 16.0"" OLED 240 Hz - GeForce RTX 5080 Laptop GPU - AMD Ryzen AI 9 HX 370 - 32GB Memory - 2TB NVMe SSD - Wi-Fi 7 - Windows 11 Pro Gaming Laptop (A3XWIG-076US )","$3,132.99 –",https://www.newegg.com/msi-stealth-a16-ai-16-0-geforce-rtx-5080-laptop-gpu-amd-ryzen-ai-9-hx-370-qhd-32gb-memory-2tb-nvme-ssd-ssd/p/N82E16834156787,AMD Ryzen AI 9 HX 370,32GB,2TB NVMe SSD,GeForce RTX 5080 Laptop GPU,Stealth A16 AI+ A3XWIG-076US
ASUS,"ASUS ROG Strix G16 - 16"" 240 Hz - AMD Ryzen 9 9955HX - GeForce RTX 5070 Laptop GPU - 32GB Memory DDR5 5600 - 1TB PCIe SSD - Windows 11 Home  (90NR0L47-M000D0 )","$2,199.00 –",https://www.newegg.com/asus-rog-strix-g16-16-geforce-rtx-5070-laptop-gpu-amd-ryzen-9-9955hx-32gb-memory-1-tb-pcie-ssd/p/N82E16834236630,AMD Ryzen 9 9955HX,32GB,1TB PCIe,GeForce RTX 5070 Laptop GPU,G614FP-DS96
HP,HP Victus 15.6 inch FHD 144Hz Gaming Laptop Intel Core i5-13420H NVIDIA GeForce RTX 4050 6GB - 16GB DDR4 512GB SSD Mica Silver (2024),$799.79 –,https://www.newegg.com/hp-15-6-geforce-rtx-4050-laptop-gpu-intel-core-i5-13420h-16gb-memory-512-gb-ssd/p/2WC-0001-05CT7,Intel Core i5-13420H,16GB,512GB,GeForce RTX 4050 Laptop GPU,15-fa1082wm
ASUS,"ASUS TUF A18 5070 Gaming Laptop, 18"" WQXGA 240Hz Display, AMD Ryzen 7 260 (beats Intel i7-14700), NVIDIA RTX 5070, 32GB RAM, 1TB SSD, RGB Backlit KB, Bundle with PCO Laptop Cooler","$1,979.00 –",https://www.newegg.com/asus-tuf-gaming-18-0-geforce-rtx-5070-laptop-gpu-amd-ryzen-7-260-wqxga-32gb-ddr5-memory-1tb-pcie-ssd/p/2WC-000N-0GPV2,,,,,TUFA181633-B_CTO_NBU1
MSI,"MSI Thin Gaming Laptop, 15.6"" 144Hz FHD Display, Intel Core i5-13420H Upto 4.6GHz, 16GB RAM, 512GB SSD, NVIDIA GeForce RTX 4050, Backlit keys, Windows 11 Pro",$879.99 –,https://www.newegg.com/msi-15-6-nvidia-geforce-rtx-4050-laptop-gpu-full-hd-16gb-memory-512-gb-ssd/p/2WC-000C-0JC59,,16GB,512GB,NVIDIA GeForce RTX 4050 Laptop GPU,Thin4050i5-16512nP
HP,"HP 15.6"" FHD Touchscreen Business & Home Laptop, AMD Ryzen 5 7520U, 8GB RAM, 256GB SSD, Webcam, HDMI, Copilot, Windows 11 Home, Silver",$369.00 –,https://www.newegg.com/hp-15-6-fhd-touch-screen-amd-ryzen-5-7520u-amd-radeon-610m-8gb-memory-256gb-pcie-ssd-sliver/p/1TS-000D-1SKA5,AMD Ryzen 5 7520U,8GB,256GB PCIe,AMD Radeon 610M,ESSENTIAL178005-B_CTO_N1
Lenovo,"Lenovo Ideapad 1i 15.6"" Full HD Touchscreen Laptop - Intel Core i5-1334U - 16GB Memory, 512GB SSD (Abyss Blue)",$599.00 –,https://www.newegg.com/lenovo-15-6/p/1TS-000E-1DHY9,Intel Core i5-1334U,16GB,512GB,,83B40001US
HP,"HP 15 Laptop, 15.6"" HD Touch Display, Intel Core i3-1215U Upto 4.4GHz, 16GB RAM, 1TB SSD, Windows 11 Home",$609.00 –,https://www.newegg.com/hp-15-6-touch-screen-intel-uhd-graphics-16gb-memory-1-tb-ssd-silver/p/1TS-000D-1M872,,16GB,1TB,Intel UHD Graphics,15dyTi312-161nH
MSI,"MSI Stealth - 18"" 120 Hz - Intel Core Ultra 9 275HX - GeForce RTX 5080 Laptop GPU - 64GB Memory DDR5 5600 - 2TB SSD - Windows 11 Pro(Stealth 18 HX AI A2XWIG-036US)","$3,499.00 –",https://www.newegg.com/msi-18-geforce-rtx-5080-laptop-gpu-intel-core-ultra-9-275hx-64gb-memory-2-tb-ssd/p/N82E16834156742,Intel Core Ultra 9 275HX,64GB,2TB,GeForce RTX 5080 Laptop GPU,Stealth 18 HX AI A2XWIG-036US
HP,"HP Flagship 17.3"" Laptop, IPS FHD(1920 x 1080) Display, 13th Intel 10-Core i5-1335U(Beats i7-1260U), 40GB DDR4 RAM 2TB SSD, Iris Xe Graphics, Bluetooth 5.3, Backlit KB, Window 11 Home 2 TB PCIe 40GB","$1,099.00 –",https://www.newegg.com/hp-17-3-fhd-non-touch-screen-1-60ghz-intel-iris-xe-graphics-40gb-memory-2-tb-pcie-ssd-silver/p/1TS-000D-1DNA4,1.60GHz,40GB,2TB PCIe,Intel Iris Xe Graphics,003747-40-2048
ASUS,"ASUS TUF A16 RTX 5060 Gaming Laptop, 16"" FHD+ 165Hz Display, AMD Ryzen 7 260, NVIDIA RTX 5060, 64GB DDR5 RAM, 1TB SSD, RGB Backlit KB, RJ-45, Wi-Fi 6, Windows 11 Pro, Grey","$2,069.00 –",https://www.newegg.com/asus-16-0-wuxga-no-64gb-memory-gray/p/1TS-001A-0BN43,,64GB,,,TUFA160573-H_CTO_N1
Acer,Acer Nitro V 15.6 FHD IPS 165Hz Gaming Laptop|Intel Core i5-13420H|NVIDIA GeForce RTX 5050|Webcam|Backlit |Black| 16GB RAM | 512GB SSD |Windows 11 Home |Bundle with HDMI Cable,$849.99 –,https://www.newegg.com/acer-america-15-6-led-no-16gb-memory-512-gb-ssd-black/p/1TS-000X-06525,,16GB,512GB,,TEMP-BH7-NoMod+Z95
ASUS,"ASUS - Vivobook 15.6"" Touchscreen Laptop - Intel 11th Gen i3 - 8GB Memory - 256GB PCIE SSD - Slate Grey X515EA-212.V15TB Notebook PC Computer",$389.00 –,https://www.newegg.com/asus-15-6/p/1TS-001A-06037,,,,,X515EA-212.V15TB
Dell,"Dell Inspiron 15 Touchscreen Laptop (15.6"" FHD LED, Intel 10-Core i5-1334U (> i7-1255U), 16GB RAM, 1TB SSD) for Business & Home, Fast Charge, Inspiron 3000 3530, Webcam, Win 11 Pro in S w/ Copilot",$676.79 –,https://www.newegg.com/dell-inspiron-15-6-fhd-touch-screen-intel-core-i5-1334u-integrated-graphics-16gb-memory-1-tb-nvme-ssd-black/p/36B-0006-006T9,Intel Core i5-1334U,16GB,1TB NVMe,Integrated Graphics,Dell Inspiron15 Touch i5 16GB 1TB
GIGABYTE,GIGABYTE GAMING A16 Gaming Laptop - 165Hz 1920x1200 WUXGA - NVIDIA GeForce RTX 5060 - AMD Ryzen 7 260 - 1TB SSD with 16GB DDR5 RAM - Windows 11 Home AD,"$1,349.99 –",https://www.newegg.com/gigabyte-16-0-geforce-rtx-5060-laptop-gpu-amd-ryzen-7-260-wuxga-16gb-memory-1-tb-nvme-ssd/p/N82E16834233624,AMD Ryzen 7 260,16GB,1TB NVMe,GeForce RTX 5060 Laptop GPU,A16 3VHK3US894SH
HP,"HP 17 Business Laptop, 17.3"" FHD Display, Intel Core i5-1135G7 Upto 4.2GHz, 32GB RAM, 1TB NVMe SSD, HDMI, Wi-Fi, Bluetooth, Backlit Keyboard Windows 11 Pro/Lone Star Computer Mouse Pad",$855.00 –,https://www.newegg.com/hp-17-0-fhd-non-touch-screen-intel-core-i5-1135g7-32gb-memory-1-tb-ssd-silver/p/36B-0007-004S9,Intel Core i5-1135G7,32GB,1TB,,HP4061nrb72
